council,session_id,session_datetime,body_name,normalized_body_name,cdp_url,minutes_pdf_url,source_video_url,transcript_as_csv_path
seattle,d13fd84e7845,2023-02-16 17:30:00+00:00,"Governance, Native Communities, and Tribal Governments Committee",other,https://councildataproject.org/seattle/#/events/292bd698ea59?s=0,,https://video.seattle.gov/media/council/govern_021623_2692303V.mp4,/Users/evamaxfield/active/research/publicspeak/cdp-datasets/cdp-seattle-21723dcf/event-292bd698ea59/session-d13fd84e7845/transcript.csv
seattle,9a843ef701db,2022-03-02 17:30:00+00:00,Finance and Housing Committee,housing committee,https://councildataproject.org/seattle/#/events/e0373e9e1abf?s=0,https://legistar2.granicus.com/seattle/meetings/2022/3/5029_M_Finance_and_Housing_Committee_22-03-02_Committee_Minutes.pdf,https://video.seattle.gov/media/council/fin_030222_2612207V.mp4,/Users/evamaxfield/active/research/publicspeak/cdp-datasets/cdp-seattle-21723dcf/event-e0373e9e1abf/session-9a843ef701db/transcript.csv
seattle,29290904534e,2022-05-04 21:00:00+00:00,Public Assets and Homelessness Committee,other,https://councildataproject.org/seattle/#/events/fe4d7b0d7222?s=0,https://legistar2.granicus.com/seattle/meetings/2022/5/5110_M_Public_Assets_and_Homelessness_Committee_22-05-04_Committee_Minutes.pdf,https://video.seattle.gov/media/council/assets_050422_2702215V.mp4,/Users/evamaxfield/active/research/publicspeak/cdp-datasets/cdp-seattle-21723dcf/event-fe4d7b0d7222/session-29290904534e/transcript.csv
seattle,79c215c1cf70,2022-07-27 16:30:00+00:00,"Economic Development, Technology, and City Light Committee",other,https://councildataproject.org/seattle/#/events/a9be3e53b271?s=0,https://legistar2.granicus.com/seattle/meetings/2022/7/5203_M_Economic_Development%2C_Technology%2C_and_City_Light_Committee_22-07-27_Committee_Minutes.pdf,https://video.seattle.gov/media/council/econ_072722_2682225V.mp4,/Users/evamaxfield/active/research/publicspeak/cdp-datasets/cdp-seattle-21723dcf/event-a9be3e53b271/session-79c215c1cf70/transcript.csv
seattle,f108cb7e78d0,2021-06-04 16:30:00+00:00,Finance and Housing Committee,housing committee,https://councildataproject.org/seattle/#/events/d971391c44a3?s=0,https://legistar2.granicus.com/seattle/meetings/2021/6/4761_M_Finance_and_Housing_Committee_21-06-04_Committee_Minutes.pdf,https://video.seattle.gov/media/council/fin_060421_2612121V.mp4,/Users/evamaxfield/active/research/publicspeak/cdp-datasets/cdp-seattle-21723dcf/event-d971391c44a3/session-f108cb7e78d0/transcript.csv
seattle,ec19664da81b,2021-06-15 16:30:00+00:00,Finance and Housing Committee,housing committee,https://councildataproject.org/seattle/#/events/8a08cc3d8262?s=0,https://legistar2.granicus.com/seattle/meetings/2021/6/4762_M_Finance_and_Housing_Committee_21-06-15_Committee_Minutes.pdf,https://video.seattle.gov/media/council/fin_061521_2612123V.mp4,/Users/evamaxfield/active/research/publicspeak/cdp-datasets/cdp-seattle-21723dcf/event-8a08cc3d8262/session-ec19664da81b/transcript.csv
seattle,f5129e9429ed,2022-08-17 16:30:00+00:00,Finance and Housing Committee,housing committee,https://councildataproject.org/seattle/#/events/cf66583c6f00?s=0,https://legistar2.granicus.com/seattle/meetings/2022/8/5232_M_Finance_and_Housing_Committee_22-08-17_Committee_Minutes.pdf,https://video.seattle.gov/media/council/fin_081722_2612229V.mp4,/Users/evamaxfield/active/research/publicspeak/cdp-datasets/cdp-seattle-21723dcf/event-cf66583c6f00/session-f5129e9429ed/transcript.csv
seattle,7b73afd99aed,2020-10-19 21:00:00+00:00,City Council,full council,https://councildataproject.org/seattle/#/events/6a91636334e5?s=0,https://legistar2.granicus.com/seattle/meetings/2020/10/4584_M_City_Council_20-10-19_Full_Council_Meeting_Minutes.pdf,https://video.seattle.gov/media/council/council_101920_2022079V.mp4,/Users/evamaxfield/active/research/publicspeak/cdp-datasets/cdp-seattle-21723dcf/event-6a91636334e5/session-7b73afd99aed/transcript.csv
seattle,be7903c5a217,2021-10-18 16:30:00+00:00,Council Briefing,other,https://councildataproject.org/seattle/#/events/314394336cf9?s=0,https://legistar2.granicus.com/seattle/meetings/2021/10/4894_M_Council_Briefing_21-10-18_Committee_Minutes.pdf,https://video.seattle.gov/media/council/brief_101821_2012181V.mp4,/Users/evamaxfield/active/research/publicspeak/cdp-datasets/cdp-seattle-21723dcf/event-314394336cf9/session-be7903c5a217/transcript.csv
seattle,15939fcceb21,2020-03-03 22:00:00+00:00,Public Assets and Native Communities Committee,other,https://councildataproject.org/seattle/#/events/6cc5a4cb75df?s=0,https://legistar2.granicus.com/seattle/meetings/2020/3/4343_M_Public_Assets_and_Native_Communities_Committee_20-03-03_Committee_Minutes.pdf,https://video.seattle.gov/media/council/asset_030320_2642005V.mp4,/Users/evamaxfield/active/research/publicspeak/cdp-datasets/cdp-seattle-21723dcf/event-6cc5a4cb75df/session-15939fcceb21/transcript.csv
seattle,e4653ca9104a,2020-04-08 17:00:00+00:00,Select Committee on Homelessness Strategies and Investments,other,https://councildataproject.org/seattle/#/events/621c9700c40e?s=0,https://legistar2.granicus.com/seattle/meetings/2020/4/4382_M_Select_Committee_on_Homelessness_Strategies_and_Investments__20-04-08_Committee_Minutes.pdf,https://video.seattle.gov/media/council/home_040820_2162013V.mp4,/Users/evamaxfield/active/research/publicspeak/cdp-datasets/cdp-seattle-21723dcf/event-621c9700c40e/session-e4653ca9104a/transcript.csv
seattle,146b621e98f1,2022-11-08 17:30:00+00:00,Select Budget Committee,other,https://councildataproject.org/seattle/#/events/401142a3eed9?s=0,,https://video.seattle.gov/media/council/budget_110822_2062233V.mp4,/Users/evamaxfield/active/research/publicspeak/cdp-datasets/cdp-seattle-21723dcf/event-401142a3eed9/session-146b621e98f1/transcript.csv
seattle,42e90f40dabb,2023-06-30 16:30:00+00:00,Sustainability and Renters' Rights Committee,housing committee,https://councildataproject.org/seattle/#/events/05f52bf03ceb?s=0,,https://video.seattle.gov/media/council/sust_063023_2662324V.mp4,/Users/evamaxfield/active/research/publicspeak/cdp-datasets/cdp-seattle-21723dcf/event-05f52bf03ceb/session-42e90f40dabb/transcript.csv
seattle,60ad4a44eeee,2020-01-24 22:00:00+00:00,Community Economic Development Committee,other,https://councildataproject.org/seattle/#/events/7575691f8ea0?s=0,https://legistar2.granicus.com/seattle/meetings/2020/1/4289_M_Community_Economic_Development_Committee_20-01-24_Committee_Minutes.pdf,https://video.seattle.gov/media/council/econ_012420_2602001V.mp4,/Users/evamaxfield/active/research/publicspeak/cdp-datasets/cdp-seattle-21723dcf/event-7575691f8ea0/session-60ad4a44eeee/transcript.csv
seattle,03e2809fffe1,2021-10-01 16:30:00+00:00,Select Budget Committee,other,https://councildataproject.org/seattle/#/events/8ae5b573db5d?s=1,,https://video.seattle.gov/media/council/budget_100121_2062111V.mp4,/Users/evamaxfield/active/research/publicspeak/cdp-datasets/cdp-seattle-21723dcf/event-8ae5b573db5d/session-03e2809fffe1/transcript.csv
seattle,4a2df04cd94f,2020-10-07 00:30:00+00:00,Select Budget Committee,other,https://councildataproject.org/seattle/#/events/8118dfe544a1?s=0,https://legistar2.granicus.com/seattle/meetings/2020/10/4563_M_Select_Budget_Committee_20-10-06_Committee_Minutes.pdf,https://video.seattle.gov/media/council/budget_100620_2062053V.mp4,/Users/evamaxfield/active/research/publicspeak/cdp-datasets/cdp-seattle-21723dcf/event-8118dfe544a1/session-4a2df04cd94f/transcript.csv
seattle,f7d3e927d980,2022-06-21 21:00:00+00:00,City Council,full council,https://councildataproject.org/seattle/#/events/b46bf25b895d?s=0,,https://video.seattle.gov/media/council/council_062122_2022249V.mp4,/Users/evamaxfield/active/research/publicspeak/cdp-datasets/cdp-seattle-21723dcf/event-b46bf25b895d/session-f7d3e927d980/transcript.csv
seattle,ab86676ed0f0,2021-01-25 17:30:00+00:00,Council Briefing,other,https://councildataproject.org/seattle/#/events/4604bece5ad8?s=0,https://legistar2.granicus.com/seattle/meetings/2021/1/4649_M_Council_Briefing_21-01-25_Committee_Minutes.pdf,https://video.seattle.gov/media/council/brief_012521_2012107V.mp4,/Users/evamaxfield/active/research/publicspeak/cdp-datasets/cdp-seattle-21723dcf/event-4604bece5ad8/session-ab86676ed0f0/transcript.csv
seattle,204e56db5489,2021-09-22 16:30:00+00:00,Land Use and Neighborhoods Committee,other,https://councildataproject.org/seattle/#/events/dba690e92220?s=0,https://legistar2.granicus.com/seattle/meetings/2021/9/4882_M_Land_Use_and_Neighborhoods_Committee_21-09-22_Committee_Minutes.pdf,https://video.seattle.gov/media/council/land_092221_2632133V.mp4,/Users/evamaxfield/active/research/publicspeak/cdp-datasets/cdp-seattle-21723dcf/event-dba690e92220/session-204e56db5489/transcript.csv
seattle,3447dbcccc64,2021-10-13 16:30:00+00:00,Select Budget Committee,other,https://councildataproject.org/seattle/#/events/164b4bbaf514?s=0,https://legistar2.granicus.com/seattle/meetings/2021/10/4858_M_Select_Budget_Committee_21-10-13_Committee_Minutes.pdf,https://video.seattle.gov/media/council/budget_101321_2062115V.mp4,/Users/evamaxfield/active/research/publicspeak/cdp-datasets/cdp-seattle-21723dcf/event-164b4bbaf514/session-3447dbcccc64/transcript.csv
seattle,030636c5b6a9,2023-12-05 17:30:00+00:00,Transportation and Seattle Public Utilities,other,https://councildataproject.org/seattle/#/events/c719b5279d4b?s=0,,https://video.seattle.gov/media/council/tran_120523_2732333V.mp4,/Users/evamaxfield/active/research/publicspeak/cdp-datasets/cdp-seattle-21723dcf/event-c719b5279d4b/session-030636c5b6a9/transcript.csv
seattle,699de332120b,2021-08-03 21:00:00+00:00,Public Assets and Native Communities Committee,other,https://councildataproject.org/seattle/#/events/db722a44ccb4?s=0,https://legistar2.granicus.com/seattle/meetings/2021/8/4836_M_Public_Assets_and_Native_Communities_Committee_21-08-03_Committee_Minutes.pdf,https://video.seattle.gov/media/council/asset_080321_2642117V.mp4,/Users/evamaxfield/active/research/publicspeak/cdp-datasets/cdp-seattle-21723dcf/event-db722a44ccb4/session-699de332120b/transcript.csv
seattle,ae4ce9d91e16,2020-11-09 17:30:00+00:00,Council Briefing,other,https://councildataproject.org/seattle/#/events/be080c0bd249?s=0,https://legistar2.granicus.com/seattle/meetings/2020/11/4591_M_Council_Briefing_20-11-09_Committee_Minutes.pdf,https://video.seattle.gov/media/council/brief_110920_2012085V.mp4,/Users/evamaxfield/active/research/publicspeak/cdp-datasets/cdp-seattle-21723dcf/event-be080c0bd249/session-ae4ce9d91e16/transcript.csv
seattle,5f7615970fc7,2020-02-03 17:30:00+00:00,Council Briefing,other,https://councildataproject.org/seattle/#/events/efb9560456b1?s=0,https://legistar2.granicus.com/seattle/meetings/2020/2/4311_M_Council_Briefing_20-02-03_Committee_Minutes.pdf,https://video.seattle.gov/media/council/brief_020320_2012009V.mp4,/Users/evamaxfield/active/research/publicspeak/cdp-datasets/cdp-seattle-21723dcf/event-efb9560456b1/session-5f7615970fc7/transcript.csv
seattle,42af9170390a,2021-05-11 16:30:00+00:00,Public Safety and Human Services Committee,other,https://councildataproject.org/seattle/#/events/e09f63d1af91?s=0,https://legistar2.granicus.com/seattle/meetings/2021/5/4756_M_Public_Safety_and_Human_Services_Committee_21-05-11_Committee_Minutes.pdf,https://video.seattle.gov/media/council/safe_051121_2652117V.mp4,/Users/evamaxfield/active/research/publicspeak/cdp-datasets/cdp-seattle-21723dcf/event-e09f63d1af91/session-42af9170390a/transcript.csv
seattle,f726d338daf7,2020-06-08 16:30:00+00:00,Council Briefing,other,https://councildataproject.org/seattle/#/events/7cc7c93e7a63?s=0,https://legistar2.granicus.com/seattle/meetings/2020/6/4450_M_Council_Briefing_20-06-08_Committee_Minutes.pdf,https://video.seattle.gov/media/council/brief_060820_2012045V.mp4,/Users/evamaxfield/active/research/publicspeak/cdp-datasets/cdp-seattle-21723dcf/event-7cc7c93e7a63/session-f726d338daf7/transcript.csv
seattle,9b6de70aa7c9,2021-06-01 21:00:00+00:00,City Council,full council,https://councildataproject.org/seattle/#/events/dab685a125bd?s=0,https://legistar2.granicus.com/seattle/meetings/2021/6/4778_M_City_Council_21-06-01_Full_Council_Meeting_Minutes.pdf,https://video.seattle.gov/media/council/council_060121_2022143V.mp4,/Users/evamaxfield/active/research/publicspeak/cdp-datasets/cdp-seattle-21723dcf/event-dab685a125bd/session-9b6de70aa7c9/transcript.csv
seattle,64af1845364e,2021-06-03 21:00:00+00:00,Community Economic Development Committee,other,https://councildataproject.org/seattle/#/events/b871a19e34b8?s=0,https://legistar2.granicus.com/seattle/meetings/2021/6/4781_M_Community_Economic_Development_Committee_21-06-03_Committee_Minutes.pdf,https://video.seattle.gov/media/council/econ_060321_2602111V.mp4,/Users/evamaxfield/active/research/publicspeak/cdp-datasets/cdp-seattle-21723dcf/event-b871a19e34b8/session-64af1845364e/transcript.csv
seattle,d06728d95507,2021-03-01 22:00:00+00:00,City Council,full council,https://councildataproject.org/seattle/#/events/0a96936e9597?s=0,https://legistar2.granicus.com/seattle/meetings/2021/3/4686_M_City_Council_21-03-01_Full_Council_Meeting_Minutes.pdf,https://video.seattle.gov/media/council/council_030121_2022117V.mp4,/Users/evamaxfield/active/research/publicspeak/cdp-datasets/cdp-seattle-21723dcf/event-0a96936e9597/session-d06728d95507/transcript.csv
seattle,65c787e775e9,2021-06-07 21:00:00+00:00,City Council,full council,https://councildataproject.org/seattle/#/events/6570933a6b4f?s=0,https://legistar2.granicus.com/seattle/meetings/2021/6/4783_M_City_Council_21-06-07_Committee_Minutes.pdf,https://video.seattle.gov/media/council/council_060721_2022145V.mp4,/Users/evamaxfield/active/research/publicspeak/cdp-datasets/cdp-seattle-21723dcf/event-6570933a6b4f/session-65c787e775e9/transcript.csv
seattle,44c5526e73df,2022-04-28 16:30:00+00:00,"Governance, Native Communities, and Tribal Governments Committee",other,https://councildataproject.org/seattle/#/events/5d0da82ad7c7?s=0,https://legistar2.granicus.com/seattle/meetings/2022/4/5088_M_Governance%2C_Native_Communities%2C_and_Tribal_Governments_Committee_22-04-28_Committee_Minutes.pdf,https://video.seattle.gov/media/council/govern_042822_2692209V.mp4,/Users/evamaxfield/active/research/publicspeak/cdp-datasets/cdp-seattle-21723dcf/event-5d0da82ad7c7/session-44c5526e73df/transcript.csv
seattle,884c13780b1d,2022-01-10 22:00:00+00:00,Council Briefing,other,https://councildataproject.org/seattle/#/events/7f5c5388633c?s=0,https://legistar2.granicus.com/seattle/meetings/2022/1/4950_M_Council_Briefing_22-01-10_Committee_Minutes.pdf,https://video.seattle.gov/media/council/brief_011022_2012201V.mp4,/Users/evamaxfield/active/research/publicspeak/cdp-datasets/cdp-seattle-21723dcf/event-7f5c5388633c/session-884c13780b1d/transcript.csv
seattle,a634ac8a9e32,2020-09-24 21:00:00+00:00,Finance and Housing Committee,housing committee,https://councildataproject.org/seattle/#/events/cba9ddb2444f?s=0,https://legistar2.granicus.com/seattle/meetings/2020/9/4540_M_Finance_and_Housing_Committee_20-09-24_Committee_Minutes.pdf,https://video.seattle.gov/media/council/fin_092420_2612022V.mp4,/Users/evamaxfield/active/research/publicspeak/cdp-datasets/cdp-seattle-21723dcf/event-cba9ddb2444f/session-a634ac8a9e32/transcript.csv
seattle,ab1f63bb1acf,2021-04-21 16:30:00+00:00,Transportation and Utilities Committee,other,https://councildataproject.org/seattle/#/events/3dd24c1fefdd?s=0,https://legistar2.granicus.com/seattle/meetings/2021/4/4731_M_Transportation_and_Utilities_Committee_21-04-21_Committee_Minutes.pdf,https://video.seattle.gov/media/council/tran_042121_2672113V.mp4,/Users/evamaxfield/active/research/publicspeak/cdp-datasets/cdp-seattle-21723dcf/event-3dd24c1fefdd/session-ab1f63bb1acf/transcript.csv
seattle,f38d5ea2dfc5,2022-07-12 21:00:00+00:00,City Council,full council,https://councildataproject.org/seattle/#/events/74bafa003f45?s=0,,https://video.seattle.gov/media/council/council_071222_2022255V.mp4,/Users/evamaxfield/active/research/publicspeak/cdp-datasets/cdp-seattle-21723dcf/event-74bafa003f45/session-f38d5ea2dfc5/transcript.csv
seattle,4571fdf4c85b,2023-05-23 16:30:00+00:00,Public Safety and Human Services Committee,other,https://councildataproject.org/seattle/#/events/ba3c90f8d789?s=0,https://legistar2.granicus.com/seattle/meetings/2023/5/5491_M_Public_Safety_and_Human_Services_Committee_23-05-23_Committee_Minutes.pdf,https://video.seattle.gov/media/council/safe_052323_2652319V.mp4,/Users/evamaxfield/active/research/publicspeak/cdp-datasets/cdp-seattle-21723dcf/event-ba3c90f8d789/session-4571fdf4c85b/transcript.csv
seattle,e3c60e2dcd3b,2021-09-10 16:30:00+00:00,Finance and Housing Committee,housing committee,https://councildataproject.org/seattle/#/events/5f002c77e489?s=0,https://legistar2.granicus.com/seattle/meetings/2021/9/4853_M_Finance_and_Housing_Committee_21-09-10_Committee_Minutes.pdf,https://video.seattle.gov/media/council/fin_091021_2612135V.mp4,/Users/evamaxfield/active/research/publicspeak/cdp-datasets/cdp-seattle-21723dcf/event-5f002c77e489/session-e3c60e2dcd3b/transcript.csv
seattle,2c937c3361d8,2021-05-12 16:30:00+00:00,Land Use and Neighborhoods Committee,other,https://councildataproject.org/seattle/#/events/ebfa4da2bd55?s=0,https://legistar2.granicus.com/seattle/meetings/2021/5/4755_M_Land_Use_and_Neighborhoods_Committee_21-05-12_Committee_Minutes.pdf,https://video.seattle.gov/media/council/land_051221_2632117V.mp4,/Users/evamaxfield/active/research/publicspeak/cdp-datasets/cdp-seattle-21723dcf/event-ebfa4da2bd55/session-2c937c3361d8/transcript.csv
seattle,ddf1cd13cc6e,2021-05-05 00:30:00+00:00,Finance and Housing Committee,housing committee,https://councildataproject.org/seattle/#/events/f4dd7539aa46?s=0,https://legistar2.granicus.com/seattle/meetings/2021/5/4743_M_Finance_and_Housing_Committee_21-05-04_Committee_Minutes.pdf,https://video.seattle.gov/media/council/fin_050421_2612115V.mp4,/Users/evamaxfield/active/research/publicspeak/cdp-datasets/cdp-seattle-21723dcf/event-f4dd7539aa46/session-ddf1cd13cc6e/transcript.csv
seattle,b8378632c76e,2023-07-17 16:30:00+00:00,Public Safety and Human Services Committee,other,https://councildataproject.org/seattle/#/events/cd4ba1146006?s=0,https://legistar2.granicus.com/seattle/meetings/2023/7/5549_M_Public_Safety_and_Human_Services_Committee_23-07-17_Committee_Minutes.pdf,https://video.seattle.gov/media/council/safe_071723_2652326V.mp4,/Users/evamaxfield/active/research/publicspeak/cdp-datasets/cdp-seattle-21723dcf/event-cd4ba1146006/session-b8378632c76e/transcript.csv
seattle,d20830106f1f,2021-01-22 22:00:00+00:00,Finance and Housing Committee,housing committee,https://councildataproject.org/seattle/#/events/849a0c26ba98?s=0,https://legistar2.granicus.com/seattle/meetings/2021/1/4642_M_Finance_and_Housing_Committee_21-01-22_Committee_Minutes.pdf,https://video.seattle.gov/media/council/fin_012221_2612101V.mp4,/Users/evamaxfield/active/research/publicspeak/cdp-datasets/cdp-seattle-21723dcf/event-849a0c26ba98/session-d20830106f1f/transcript.csv
seattle,a12f4395e9bf,2022-03-16 16:30:00+00:00,Finance and Housing Committee,housing committee,https://councildataproject.org/seattle/#/events/8a479079b971?s=0,https://legistar2.granicus.com/seattle/meetings/2022/3/5051_M_Finance_and_Housing_Committee_22-03-16_Committee_Minutes.pdf,https://video.seattle.gov/media/council/fin_031622_2612209V.mp4,/Users/evamaxfield/active/research/publicspeak/cdp-datasets/cdp-seattle-21723dcf/event-8a479079b971/session-a12f4395e9bf/transcript.csv
seattle,2dfd09069b6c,2021-08-16 16:30:00+00:00,Council Briefing,other,https://councildataproject.org/seattle/#/events/49dc3a0f69fd?s=0,https://legistar2.granicus.com/seattle/meetings/2021/8/4846_M_Council_Briefing_21-08-16_Committee_Minutes.pdf,https://video.seattle.gov/media/council/brief_081621_2012165V.mp4,/Users/evamaxfield/active/research/publicspeak/cdp-datasets/cdp-seattle-21723dcf/event-49dc3a0f69fd/session-2dfd09069b6c/transcript.csv
seattle,2b5b475520d8,2023-06-26 21:00:00+00:00,Council Briefing,other,https://councildataproject.org/seattle/#/events/d985a7ac14e5?s=0,,https://video.seattle.gov/media/council/brief_062623_2012339V.mp4,/Users/evamaxfield/active/research/publicspeak/cdp-datasets/cdp-seattle-21723dcf/event-d985a7ac14e5/session-2b5b475520d8/transcript.csv
seattle,a0a45f866e39,2023-12-08 17:30:00+00:00,"Neighborhoods, Education, Civil Rights, and Culture Committee",other,https://councildataproject.org/seattle/#/events/9c3920d82ffc?s=0,https://legistar2.granicus.com/seattle/meetings/2023/12/5690_M_Neighborhoods%2C_Education%2C_Civil_Rights%2C_and_Culture_Committee_23-12-08_Committee_Minutes.pdf,https://video.seattle.gov/media/council/neigh_120823_2712335V.mp4,/Users/evamaxfield/active/research/publicspeak/cdp-datasets/cdp-seattle-21723dcf/event-9c3920d82ffc/session-a0a45f866e39/transcript.csv
seattle,869073afe8dd,2022-04-19 16:30:00+00:00,Transportation and Seattle Public Utilities,other,https://councildataproject.org/seattle/#/events/617e368b593d?s=0,,https://video.seattle.gov/media/council/tran_041922_2732211V.mp4,/Users/evamaxfield/active/research/publicspeak/cdp-datasets/cdp-seattle-21723dcf/event-617e368b593d/session-869073afe8dd/transcript.csv
seattle,16dfc4e3ffd1,2022-06-15 21:00:00+00:00,Public Assets and Homelessness Committee,other,https://councildataproject.org/seattle/#/events/c45ef76108d2?s=0,,https://video.seattle.gov/media/council/assets_061522_2702221V.mp4,/Users/evamaxfield/active/research/publicspeak/cdp-datasets/cdp-seattle-21723dcf/event-c45ef76108d2/session-16dfc4e3ffd1/transcript.csv
seattle,c54d9809e775,2021-07-19 16:30:00+00:00,Council Briefing,other,https://councildataproject.org/seattle/#/events/38c03d91036b?s=0,https://legistar2.granicus.com/seattle/meetings/2021/7/4818_M_Council_Briefing_21-07-19_Committee_Minutes.pdf,https://video.seattle.gov/media/council/brief_071921_2012157V.mp4,/Users/evamaxfield/active/research/publicspeak/cdp-datasets/cdp-seattle-21723dcf/event-38c03d91036b/session-c54d9809e775/transcript.csv
seattle,abb64b6a1ee9,2020-07-10 17:00:00+00:00,Select Committee on Seattle Transportation Benefit District Funding,other,https://councildataproject.org/seattle/#/events/f383225f99a0?s=0,https://legistar2.granicus.com/seattle/meetings/2020/7/4476_M_Select_Committee_on_Seattle_Transportation_Benefit_District_Funding__20-07-10_Committee_Minutes.pdf,https://video.seattle.gov/media/council/transben_071020_2162019V.mp4,/Users/evamaxfield/active/research/publicspeak/cdp-datasets/cdp-seattle-21723dcf/event-f383225f99a0/session-abb64b6a1ee9/transcript.csv
seattle,e5fad9fcb438,2020-07-06 16:30:00+00:00,Council Briefing,other,https://councildataproject.org/seattle/#/events/74ef1a71d6d5?s=0,https://legistar2.granicus.com/seattle/meetings/2020/7/4471_M_Council_Briefing_20-07-06_Committee_Minutes.pdf,https://video.seattle.gov/media/council/brief_070620_2012053V.mp4,/Users/evamaxfield/active/research/publicspeak/cdp-datasets/cdp-seattle-21723dcf/event-74ef1a71d6d5/session-e5fad9fcb438/transcript.csv
seattle,f18ba226a2cd,2021-07-28 21:00:00+00:00,Select Committee on Homelessness Strategies and Investments,other,https://councildataproject.org/seattle/#/events/681db104aacf?s=0,https://legistar2.granicus.com/seattle/meetings/2021/7/4827_M_Select_Committee_on_Homelessness_Strategies_and_Investments__21-07-28_Committee_Minutes.pdf,https://video.seattle.gov/media/council/home_072821_2162115V.mp4,/Users/evamaxfield/active/research/publicspeak/cdp-datasets/cdp-seattle-21723dcf/event-681db104aacf/session-f18ba226a2cd/transcript.csv
seattle,3674e425953a,2022-02-07 22:00:00+00:00,Council Briefing,other,https://councildataproject.org/seattle/#/events/68a927e61d41?s=0,https://legistar2.granicus.com/seattle/meetings/2022/2/4996_M_Council_Briefing_22-02-07_Committee_Minutes.pdf,https://video.seattle.gov/media/council/brief_020722_2012207V.mp4,/Users/evamaxfield/active/research/publicspeak/cdp-datasets/cdp-seattle-21723dcf/event-68a927e61d41/session-3674e425953a/transcript.csv
seattle,09a170e662a5,2022-04-27 21:00:00+00:00,Land Use Committee,other,https://councildataproject.org/seattle/#/events/b59d600e408b?s=0,https://legistar2.granicus.com/seattle/meetings/2022/4/5099_M_Land_Use_Committee_22-04-27_Committee_Minutes.pdf,https://video.seattle.gov/media/council/land_042722_2722211V.mp4,/Users/evamaxfield/active/research/publicspeak/cdp-datasets/cdp-seattle-21723dcf/event-b59d600e408b/session-09a170e662a5/transcript.csv
seattle,1b345e095a8a,2020-04-20 16:30:00+00:00,Council Briefing,other,https://councildataproject.org/seattle/#/events/c810a2bba9c0?s=0,https://legistar2.granicus.com/seattle/meetings/2020/4/4397_M_Council_Briefing_20-04-20_Committee_Minutes.pdf,https://video.seattle.gov/media/council/brief_042020_2012031V.mp4,/Users/evamaxfield/active/research/publicspeak/cdp-datasets/cdp-seattle-21723dcf/event-c810a2bba9c0/session-1b345e095a8a/transcript.csv
seattle,d739692ad12f,2022-04-26 16:30:00+00:00,Public Safety and Human Services Committee,other,https://councildataproject.org/seattle/#/events/2ba6c1eca320?s=0,https://legistar2.granicus.com/seattle/meetings/2022/4/5101_M_Public_Safety_and_Human_Services_Committee_22-04-26_Committee_Minutes.pdf,https://video.seattle.gov/media/council/safe_042622_2652215V.mp4,/Users/evamaxfield/active/research/publicspeak/cdp-datasets/cdp-seattle-21723dcf/event-2ba6c1eca320/session-d739692ad12f/transcript.csv
seattle,d1994406593d,2020-06-01 16:30:00+00:00,Council Briefing,other,https://councildataproject.org/seattle/#/events/9a6285ee8470?s=0,https://legistar2.granicus.com/seattle/meetings/2020/6/4437_M_Council_Briefing_20-06-01_Committee_Minutes.pdf,https://video.seattle.gov/media/council/brief_060120_2012043V.mp4,/Users/evamaxfield/active/research/publicspeak/cdp-datasets/cdp-seattle-21723dcf/event-9a6285ee8470/session-d1994406593d/transcript.csv
seattle,d9f30ac22162,2021-09-30 16:30:00+00:00,Select Budget Committee,other,https://councildataproject.org/seattle/#/events/284a4dccddc1?s=0,,https://video.seattle.gov/media/council/budget_093021_2062105V.mp4,/Users/evamaxfield/active/research/publicspeak/cdp-datasets/cdp-seattle-21723dcf/event-284a4dccddc1/session-d9f30ac22162/transcript.csv
seattle,f8b4a2a1f984,2022-01-25 17:30:00+00:00,Public Safety and Human Services Committee,other,https://councildataproject.org/seattle/#/events/6e1bdd9bd1a9?s=0,https://legistar2.granicus.com/seattle/meetings/2022/1/4974_M_Public_Safety_and_Human_Services_Committee_22-01-25_Committee_Minutes.pdf,https://video.seattle.gov/media/council/safe_012522_2652203V.mp4,/Users/evamaxfield/active/research/publicspeak/cdp-datasets/cdp-seattle-21723dcf/event-6e1bdd9bd1a9/session-f8b4a2a1f984/transcript.csv
seattle,6ffe4dfb8387,2021-08-17 16:30:00+00:00,Finance and Housing Committee,housing committee,https://councildataproject.org/seattle/#/events/7d74fae458d7?s=0,https://legistar2.granicus.com/seattle/meetings/2021/8/4837_M_Finance_and_Housing_Committee_21-08-17_Committee_Minutes.pdf,https://video.seattle.gov/media/council/fin_081721_2612133V.mp4,/Users/evamaxfield/active/research/publicspeak/cdp-datasets/cdp-seattle-21723dcf/event-7d74fae458d7/session-6ffe4dfb8387/transcript.csv
seattle,761c96b234f3,2021-03-29 21:00:00+00:00,City Council,full council,https://councildataproject.org/seattle/#/events/ca4517b2298f?s=0,https://legistar2.granicus.com/seattle/meetings/2021/3/4712_M_City_Council_21-03-29_Full_Council_Meeting_Minutes.pdf,https://video.seattle.gov/media/council/council_032921_2022125V.mp4,/Users/evamaxfield/active/research/publicspeak/cdp-datasets/cdp-seattle-21723dcf/event-ca4517b2298f/session-761c96b234f3/transcript.csv
seattle,d7eaaf2708a6,2021-01-19 17:30:00+00:00,Council Briefing,other,https://councildataproject.org/seattle/#/events/0148555474d5?s=0,https://legistar2.granicus.com/seattle/meetings/2021/1/4645_M_Council_Briefing_21-01-19_Committee_Minutes.pdf,https://video.seattle.gov/media/council/brief_011921_2012105V.mp4,/Users/evamaxfield/active/research/publicspeak/cdp-datasets/cdp-seattle-21723dcf/event-0148555474d5/session-d7eaaf2708a6/transcript.csv
seattle,18066feac869,2022-05-18 16:30:00+00:00,Finance and Housing Committee,housing committee,https://councildataproject.org/seattle/#/events/038f08f442c6?s=0,https://legistar2.granicus.com/seattle/meetings/2022/5/5120_M_Finance_and_Housing_Committee_22-05-18_Committee_Minutes.pdf,https://video.seattle.gov/media/council/fin_051822_2612217V.mp4,/Users/evamaxfield/active/research/publicspeak/cdp-datasets/cdp-seattle-21723dcf/event-038f08f442c6/session-18066feac869/transcript.csv
seattle,f16d100e510a,2020-09-09 16:30:00+00:00,Land Use and Neighborhoods Committee,other,https://councildataproject.org/seattle/#/events/af7492eec004?s=0,https://legistar2.granicus.com/seattle/meetings/2020/9/4523_M_Land_Use_and_Neighborhoods_Committee_20-09-09_Committee_Minutes.pdf,https://video.seattle.gov/media/council/land_090920_2632023V.mp4,/Users/evamaxfield/active/research/publicspeak/cdp-datasets/cdp-seattle-21723dcf/event-af7492eec004/session-f16d100e510a/transcript.csv
seattle,e8e32d582a83,2021-10-15 16:30:00+00:00,Select Budget Committee,other,https://councildataproject.org/seattle/#/events/c7e536d29c4e?s=1,https://legistar2.granicus.com/seattle/meetings/2021/10/4860_M_Select_Budget_Committee_21-10-15_Committee_Minutes.pdf,https://video.seattle.gov/media/council/budget_101521_2062125V.mp4,/Users/evamaxfield/active/research/publicspeak/cdp-datasets/cdp-seattle-21723dcf/event-c7e536d29c4e/session-e8e32d582a83/transcript.csv
seattle,7f74c8c60869,2021-10-11 21:00:00+00:00,City Council,full council,https://councildataproject.org/seattle/#/events/e30e1c9b3da7?s=0,https://legistar2.granicus.com/seattle/meetings/2021/10/4892_M_City_Council_21-10-11_Full_Council_Meeting_Minutes.pdf,https://video.seattle.gov/media/council/council_101121_2022177V.mp4,/Users/evamaxfield/active/research/publicspeak/cdp-datasets/cdp-seattle-21723dcf/event-e30e1c9b3da7/session-7f74c8c60869/transcript.csv
seattle,683731faef2f,2020-04-13 16:30:00+00:00,Council Briefing,other,https://councildataproject.org/seattle/#/events/8d7e8d1fd122?s=0,https://legistar2.granicus.com/seattle/meetings/2020/4/4385_M_Council_Briefing_20-04-13_Committee_Minutes.pdf,https://video.seattle.gov/media/council/brief_041320_2012029V.mp4,/Users/evamaxfield/active/research/publicspeak/cdp-datasets/cdp-seattle-21723dcf/event-8d7e8d1fd122/session-683731faef2f/transcript.csv
seattle,59e82e951afe,2022-01-11 17:30:00+00:00,Public Safety and Human Services Committee,other,https://councildataproject.org/seattle/#/events/924690a901d9?s=0,https://legistar2.granicus.com/seattle/meetings/2022/1/4951_M_Public_Safety_and_Human_Services_Committee_22-01-11_Committee_Minutes.pdf,https://video.seattle.gov/media/council/safe_011122_2652201V.mp4,/Users/evamaxfield/active/research/publicspeak/cdp-datasets/cdp-seattle-21723dcf/event-924690a901d9/session-59e82e951afe/transcript.csv
seattle,7dac85f8f528,2021-11-22 18:00:00+00:00,Select Budget Committee,other,https://councildataproject.org/seattle/#/events/a6e71201a853?s=0,https://legistar2.granicus.com/seattle/meetings/2021/11/4869_M_Select_Budget_Committee_21-11-22_Committee_Minutes.pdf,https://video.seattle.gov/media/council/budget_112221_2062151V.mp4,/Users/evamaxfield/active/research/publicspeak/cdp-datasets/cdp-seattle-21723dcf/event-a6e71201a853/session-7dac85f8f528/transcript.csv
seattle,2bfa54212a15,2020-12-08 17:30:00+00:00,Public Safety and Human Services Committee,other,https://councildataproject.org/seattle/#/events/9631c1f9dad4?s=0,https://legistar2.granicus.com/seattle/meetings/2020/12/4616_M_Public_Safety_and_Human_Services_Committee_20-12-08_Committee_Minutes.pdf,https://video.seattle.gov/media/council/safe_120820_2652025V.mp4,/Users/evamaxfield/active/research/publicspeak/cdp-datasets/cdp-seattle-21723dcf/event-9631c1f9dad4/session-2bfa54212a15/transcript.csv
seattle,42c7d47dd1b9,2021-12-14 17:30:00+00:00,Public Safety and Human Services Committee,other,https://councildataproject.org/seattle/#/events/7fe4c0d99b44?s=0,https://legistar2.granicus.com/seattle/meetings/2021/12/4937_M_Public_Safety_and_Human_Services_Committee_21-12-14_Committee_Minutes.pdf,https://video.seattle.gov/media/council/safe_121421_2652141V.mp4,/Users/evamaxfield/active/research/publicspeak/cdp-datasets/cdp-seattle-21723dcf/event-7fe4c0d99b44/session-42c7d47dd1b9/transcript.csv
seattle,55506d4e8085,2020-11-09 22:00:00+00:00,City Council,full council,https://councildataproject.org/seattle/#/events/a90f1a98b967?s=0,https://legistar2.granicus.com/seattle/meetings/2020/11/4590_M_City_Council_20-11-09_Full_Council_Meeting_Minutes.pdf,https://video.seattle.gov/media/council/council_110920_2022085V.mp4,/Users/evamaxfield/active/research/publicspeak/cdp-datasets/cdp-seattle-21723dcf/event-a90f1a98b967/session-55506d4e8085/transcript.csv
seattle,60c31f54e81b,2020-01-06 22:00:00+00:00,City Council,full council,https://councildataproject.org/seattle/#/events/acd883f2f72b?s=0,http://legistar2.granicus.com/seattle/meetings/2020/1/4251_M_City_Council_20-01-06_Full_Council_Meeting_Minutes.pdf,https://video.seattle.gov/media/council/council_010620_2022001V.mp4,/Users/evamaxfield/active/research/publicspeak/cdp-datasets/cdp-seattle-21723dcf/event-acd883f2f72b/session-60c31f54e81b/transcript.csv
seattle,af36ca9e5112,2020-03-16 21:00:00+00:00,City Council,full council,https://councildataproject.org/seattle/#/events/fa6b305e22cf?s=0,https://legistar2.granicus.com/seattle/meetings/2020/3/4358_M_City_Council_20-03-16_Full_Council_Meeting_Minutes.pdf,https://video.seattle.gov/media/council/council_031620_2022021V.mp4,/Users/evamaxfield/active/research/publicspeak/cdp-datasets/cdp-seattle-21723dcf/event-fa6b305e22cf/session-af36ca9e5112/transcript.csv
seattle,0cf3520c290b,2021-04-07 16:30:00+00:00,Transportation and Utilities Committee,other,https://councildataproject.org/seattle/#/events/a440423a7702?s=0,https://legistar2.granicus.com/seattle/meetings/2021/4/4719_M_Transportation_and_Utilities_Committee_21-04-07_Committee_Minutes.pdf,https://video.seattle.gov/media/council/tran_040721_2672111V.mp4,/Users/evamaxfield/active/research/publicspeak/cdp-datasets/cdp-seattle-21723dcf/event-a440423a7702/session-0cf3520c290b/transcript.csv
seattle,415b06af6e18,2022-09-13 16:30:00+00:00,Public Safety and Human Services Committee,other,https://councildataproject.org/seattle/#/events/c688bfa2c288?s=0,,https://video.seattle.gov/media/council/safe_091322_2652231V.mp4,/Users/evamaxfield/active/research/publicspeak/cdp-datasets/cdp-seattle-21723dcf/event-c688bfa2c288/session-415b06af6e18/transcript.csv
seattle,9c1ab87e6602,2020-09-25 16:30:00+00:00,Transportation and Utilities Committee,other,https://councildataproject.org/seattle/#/events/056e2a6bd85d?s=0,https://legistar2.granicus.com/seattle/meetings/2020/9/4552_M_Transportation_and_Utilities_Committee_20-09-25_Committee_Minutes.pdf,https://video.seattle.gov/media/council/tran_092520_2672027V.mp4,/Users/evamaxfield/active/research/publicspeak/cdp-datasets/cdp-seattle-21723dcf/event-056e2a6bd85d/session-9c1ab87e6602/transcript.csv
seattle,4451f1588746,2022-04-06 16:30:00+00:00,Finance and Housing Committee,housing committee,https://councildataproject.org/seattle/#/events/fa5ce232ab04?s=0,https://legistar2.granicus.com/seattle/meetings/2022/4/5074_M_Finance_and_Housing_Committee_22-04-06_Committee_Minutes.pdf,https://video.seattle.gov/media/council/fin_040622_2612211V.mp4,/Users/evamaxfield/active/research/publicspeak/cdp-datasets/cdp-seattle-21723dcf/event-fa5ce232ab04/session-4451f1588746/transcript.csv
seattle,935c8787e2d6,2022-05-31 20:00:00+00:00,City Council,full council,https://councildataproject.org/seattle/#/events/ef3d675bab56?s=0,https://legistar2.granicus.com/seattle/meetings/2022/5/5142_M_City_Council_22-05-31_Full_Council_Meeting_Minutes.pdf,https://video.seattle.gov/media/council/council_053122_2022244V.mp4,/Users/evamaxfield/active/research/publicspeak/cdp-datasets/cdp-seattle-21723dcf/event-ef3d675bab56/session-935c8787e2d6/transcript.csv
seattle,91eb1c4e2322,2020-02-07 01:00:00+00:00,Community Economic Development Committee,other,https://councildataproject.org/seattle/#/events/ac93fed50793?s=0,https://legistar2.granicus.com/seattle/meetings/2020/2/4315_M_Community_Economic_Development_Committee_20-02-06_Committee_Minutes.pdf,https://video.seattle.gov/media/council/econ_020620_2602002V.mp4,/Users/evamaxfield/active/research/publicspeak/cdp-datasets/cdp-seattle-21723dcf/event-ac93fed50793/session-91eb1c4e2322/transcript.csv
seattle,e0a064b4b541,2023-05-17 16:30:00+00:00,Finance and Housing Committee,housing committee,https://councildataproject.org/seattle/#/events/c36ae42e3170?s=0,,https://video.seattle.gov/media/council/fin_051723_2612317V.mp4,/Users/evamaxfield/active/research/publicspeak/cdp-datasets/cdp-seattle-21723dcf/event-c36ae42e3170/session-e0a064b4b541/transcript.csv
seattle,d14e224e9f96,2021-07-13 16:30:00+00:00,Public Safety and Human Services Committee,other,https://councildataproject.org/seattle/#/events/9cf5d3936b44?s=0,https://legistar2.granicus.com/seattle/meetings/2021/7/4813_M_Public_Safety_and_Human_Services_Committee_21-07-13_Committee_Minutes.pdf,https://video.seattle.gov/media/council/safe_071321_2652125V.mp4,/Users/evamaxfield/active/research/publicspeak/cdp-datasets/cdp-seattle-21723dcf/event-9cf5d3936b44/session-d14e224e9f96/transcript.csv
seattle,9a8dea3e8135,2023-07-07 21:00:00+00:00,Public Assets and Homelessness Committee,other,https://councildataproject.org/seattle/#/events/d0f114d1138e?s=0,,https://video.seattle.gov/media/council/assets_070723_2702325V.mp4,/Users/evamaxfield/active/research/publicspeak/cdp-datasets/cdp-seattle-21723dcf/event-d0f114d1138e/session-9a8dea3e8135/transcript.csv
seattle,cc6a26779393,2022-06-13 21:00:00+00:00,Council Briefing,other,https://councildataproject.org/seattle/#/events/f9a5a1e19246?s=0,,https://video.seattle.gov/media/council/brief_061322_2012239V.mp4,/Users/evamaxfield/active/research/publicspeak/cdp-datasets/cdp-seattle-21723dcf/event-f9a5a1e19246/session-cc6a26779393/transcript.csv
seattle,8070e17c504d,2021-12-07 22:00:00+00:00,Public Assets and Native Communities Committee,other,https://councildataproject.org/seattle/#/events/768ca77f509c?s=0,https://legistar2.granicus.com/seattle/meetings/2021/12/4920_M_Public_Assets_and_Native_Communities_Committee_21-12-07_Committee_Minutes.pdf,https://video.seattle.gov/media/council/asset_120721_2642121V.mp4,/Users/evamaxfield/active/research/publicspeak/cdp-datasets/cdp-seattle-21723dcf/event-768ca77f509c/session-8070e17c504d/transcript.csv
seattle,73b6b4437017,2020-02-18 17:30:00+00:00,Council Briefing,other,https://councildataproject.org/seattle/#/events/66b9289a7475?s=0,https://legistar2.granicus.com/seattle/meetings/2020/2/4326_M_Council_Briefing_20-02-18_Committee_Minutes.pdf,https://video.seattle.gov/media/council/brief_021820_2012013V.mp4,/Users/evamaxfield/active/research/publicspeak/cdp-datasets/cdp-seattle-21723dcf/event-66b9289a7475/session-73b6b4437017/transcript.csv
seattle,949c0e54b479,2023-02-21 22:00:00+00:00,City Council,full council,https://councildataproject.org/seattle/#/events/07eaf32ba1b7?s=0,,https://video.seattle.gov/media/council/council_022123_2022315V.mp4,/Users/evamaxfield/active/research/publicspeak/cdp-datasets/cdp-seattle-21723dcf/event-07eaf32ba1b7/session-949c0e54b479/transcript.csv
seattle,fa9ac4ff08dc,2021-03-15 21:00:00+00:00,City Council,full council,https://councildataproject.org/seattle/#/events/dab6b8139cf7?s=0,https://legistar2.granicus.com/seattle/meetings/2021/3/4699_M_City_Council_21-03-15_Full_Council_Meeting_Minutes.pdf,https://video.seattle.gov/media/council/council_031521_2022121V.mp4,/Users/evamaxfield/active/research/publicspeak/cdp-datasets/cdp-seattle-21723dcf/event-dab6b8139cf7/session-fa9ac4ff08dc/transcript.csv
seattle,9d7444d9fa4a,2020-05-26 21:00:00+00:00,City Council,full council,https://councildataproject.org/seattle/#/events/b290dd528b2e?s=0,https://legistar2.granicus.com/seattle/meetings/2020/5/4427_M_City_Council_20-05-26_Full_Council_Meeting_Minutes.pdf,https://video.seattle.gov/media/council/council_052620_2022041V.mp4,/Users/evamaxfield/active/research/publicspeak/cdp-datasets/cdp-seattle-21723dcf/event-b290dd528b2e/session-9d7444d9fa4a/transcript.csv
seattle,0b19fd44d13d,2021-08-10 16:30:00+00:00,Public Safety and Human Services Committee,other,https://councildataproject.org/seattle/#/events/04c145352adc?s=0,https://legistar2.granicus.com/seattle/meetings/2021/8/4842_M_Public_Safety_and_Human_Services_Committee_21-08-10_Committee_Minutes.pdf,https://video.seattle.gov/media/council/safe_081021_2652129V.mp4,/Users/evamaxfield/active/research/publicspeak/cdp-datasets/cdp-seattle-21723dcf/event-04c145352adc/session-0b19fd44d13d/transcript.csv
seattle,d07399bcf688,2020-12-01 22:00:00+00:00,Public Assets and Native Communities Committee,other,https://councildataproject.org/seattle/#/events/55364d1f8a70?s=0,https://legistar2.granicus.com/seattle/meetings/2020/12/4603_M_Public_Assets_and_Native_Communities_Committee_20-12-01_Committee_Minutes.pdf,https://video.seattle.gov/media/council/asset_120120_2642011V.mp4,/Users/evamaxfield/active/research/publicspeak/cdp-datasets/cdp-seattle-21723dcf/event-55364d1f8a70/session-d07399bcf688/transcript.csv
seattle,e3d6d67bec42,2022-11-16 01:00:00+00:00,Select Budget Committee,other,https://councildataproject.org/seattle/#/events/f6f980345a6d?s=0,https://legistar2.granicus.com/seattle/meetings/2022/11/5252_M_Select_Budget_Committee_22-11-15_Committee_Minutes.pdf,https://video.seattle.gov/media/council/budget_111522_2062235V.mp4,/Users/evamaxfield/active/research/publicspeak/cdp-datasets/cdp-seattle-21723dcf/event-f6f980345a6d/session-e3d6d67bec42/transcript.csv
seattle,c5cfcff2fa7d,2021-09-27 16:30:00+00:00,Council Briefing,other,https://councildataproject.org/seattle/#/events/3505f7ad9311?s=0,https://legistar2.granicus.com/seattle/meetings/2021/9/4887_M_Council_Briefing_21-09-27_Committee_Minutes.pdf,https://video.seattle.gov/media/council/brief_092721_2012175V.mp4,/Users/evamaxfield/active/research/publicspeak/cdp-datasets/cdp-seattle-21723dcf/event-3505f7ad9311/session-c5cfcff2fa7d/transcript.csv
seattle,3e333bb00de2,2020-09-24 18:00:00+00:00,Sustainability and Renters' Rights Committee,housing committee,https://councildataproject.org/seattle/#/events/0297cdf1f284?s=0,https://legistar2.granicus.com/seattle/meetings/2020/9/4553_M_Sustainability_and_Renters'_Rights_Committee_20-09-24_Committee_Minutes.pdf,https://video.seattle.gov/media/council/sust_092420_2662013V.mp4,/Users/evamaxfield/active/research/publicspeak/cdp-datasets/cdp-seattle-21723dcf/event-0297cdf1f284/session-3e333bb00de2/transcript.csv
seattle,76754f63fed9,2021-05-03 21:00:00+00:00,City Council,full council,https://councildataproject.org/seattle/#/events/4d171b7191c9?s=0,https://legistar2.granicus.com/seattle/meetings/2021/5/4746_M_City_Council_21-05-03_Full_Council_Meeting_Minutes.pdf,https://video.seattle.gov/media/council/council_050321_2022135V.mp4,/Users/evamaxfield/active/research/publicspeak/cdp-datasets/cdp-seattle-21723dcf/event-4d171b7191c9/session-76754f63fed9/transcript.csv
seattle,f2657de90dcc,2020-06-22 21:00:00+00:00,City Council,full council,https://councildataproject.org/seattle/#/events/cdde8633bcc6?s=0,,https://video.seattle.gov/media/council/council_062220_2022049V.mp4,/Users/evamaxfield/active/research/publicspeak/cdp-datasets/cdp-seattle-21723dcf/event-cdde8633bcc6/session-f2657de90dcc/transcript.csv
seattle,121717a02f70,2022-06-07 21:00:00+00:00,City Council,full council,https://councildataproject.org/seattle/#/events/36de70d0553a?s=0,https://legistar2.granicus.com/seattle/meetings/2022/6/5153_M_City_Council_22-06-07_Full_Council_Meeting_Minutes.pdf,https://video.seattle.gov/media/council/council_060722_2022245V.mp4,/Users/evamaxfield/active/research/publicspeak/cdp-datasets/cdp-seattle-21723dcf/event-36de70d0553a/session-121717a02f70/transcript.csv
seattle,42537655cf11,2021-02-16 17:30:00+00:00,Council Briefing,other,https://councildataproject.org/seattle/#/events/742bc838386e?s=0,https://legistar2.granicus.com/seattle/meetings/2021/2/4668_M_Council_Briefing_21-02-16_Committee_Minutes.pdf,https://video.seattle.gov/media/council/brief_021621_2012113V.mp4,/Users/evamaxfield/active/research/publicspeak/cdp-datasets/cdp-seattle-21723dcf/event-742bc838386e/session-42537655cf11/transcript.csv
seattle,48f5c259d24e,2022-06-08 21:00:00+00:00,Land Use Committee,other,https://councildataproject.org/seattle/#/events/7eda93af8ebe?s=0,https://legistar2.granicus.com/seattle/meetings/2022/6/5154_M_Land_Use_Committee_22-06-08_Committee_Minutes.pdf,https://video.seattle.gov/media/council/land_060822_2722217V.mp4,/Users/evamaxfield/active/research/publicspeak/cdp-datasets/cdp-seattle-21723dcf/event-7eda93af8ebe/session-48f5c259d24e/transcript.csv
seattle,858e70274395,2022-07-20 16:30:00+00:00,Finance and Housing Committee,housing committee,https://councildataproject.org/seattle/#/events/ebf6a1f2912c?s=0,https://legistar2.granicus.com/seattle/meetings/2022/7/5191_M_Finance_and_Housing_Committee_22-07-20_Committee_Minutes.pdf,https://video.seattle.gov/media/council/fin_072022_2612225V.mp4,/Users/evamaxfield/active/research/publicspeak/cdp-datasets/cdp-seattle-21723dcf/event-ebf6a1f2912c/session-858e70274395/transcript.csv
seattle,4d8d47ae7888,2021-11-11 01:30:00+00:00,Select Budget Committee,other,https://councildataproject.org/seattle/#/events/9e62e23e3de4?s=0,https://legistar2.granicus.com/seattle/meetings/2021/11/4868_M_Select_Budget_Committee_21-11-10_Committee_Minutes.pdf,https://video.seattle.gov/media/council/budget_111021_2062137V.mp4,/Users/evamaxfield/active/research/publicspeak/cdp-datasets/cdp-seattle-21723dcf/event-9e62e23e3de4/session-4d8d47ae7888/transcript.csv
seattle,f1434b7a9fa2,2021-01-04 22:00:00+00:00,City Council,full council,https://councildataproject.org/seattle/#/events/4b889589cd03?s=0,https://legistar2.granicus.com/seattle/meetings/2021/1/4631_M_City_Council_21-01-04_Full_Council_Meeting_Minutes.pdf,https://video.seattle.gov/media/council/council_010421_2022101V.mp4,/Users/evamaxfield/active/research/publicspeak/cdp-datasets/cdp-seattle-21723dcf/event-4b889589cd03/session-f1434b7a9fa2/transcript.csv
seattle,f65a1f8c6f04,2020-09-22 16:30:00+00:00,Public Safety and Human Services Committee,other,https://councildataproject.org/seattle/#/events/62f591541b8d?s=0,https://legistar2.granicus.com/seattle/meetings/2020/9/4544_M_Public_Safety_and_Human_Services_Committee_20-09-22_Committee_Minutes.pdf,https://video.seattle.gov/media/council/safe_092220_2652023V.mp4,/Users/evamaxfield/active/research/publicspeak/cdp-datasets/cdp-seattle-21723dcf/event-62f591541b8d/session-f65a1f8c6f04/transcript.csv
seattle,96b745acef05,2020-02-11 17:30:00+00:00,Public Safety and Human Services Committee,other,https://councildataproject.org/seattle/#/events/6d4238b75919?s=0,https://legistar2.granicus.com/seattle/meetings/2020/2/4321_M_Public_Safety_and_Human_Services_Committee_20-02-11_Committee_Minutes.pdf,https://video.seattle.gov/media/council/safe_021120_2652003V.mp4,/Users/evamaxfield/active/research/publicspeak/cdp-datasets/cdp-seattle-21723dcf/event-6d4238b75919/session-96b745acef05/transcript.csv
seattle,7b04af85d970,2021-09-17 16:30:00+00:00,Finance and Housing Committee,housing committee,https://councildataproject.org/seattle/#/events/123f289f60bd?s=0,https://legistar2.granicus.com/seattle/meetings/2021/9/4875_M_Finance_and_Housing_Committee_21-09-17_Committee_Minutes.pdf,https://video.seattle.gov/media/council/fin_091721_2612137V.mp4,/Users/evamaxfield/active/research/publicspeak/cdp-datasets/cdp-seattle-21723dcf/event-123f289f60bd/session-7b04af85d970/transcript.csv
seattle,6f65a055edfd,2021-09-13 16:30:00+00:00,Council Briefing,other,https://councildataproject.org/seattle/#/events/46d59ba35ea7?s=0,https://legistar2.granicus.com/seattle/meetings/2021/9/4870_M_Council_Briefing_21-09-13_Committee_Minutes.pdf,https://video.seattle.gov/media/council/brief_091321_2012171V.mp4,/Users/evamaxfield/active/research/publicspeak/cdp-datasets/cdp-seattle-21723dcf/event-46d59ba35ea7/session-6f65a055edfd/transcript.csv
seattle,9ca38ee72908,2021-06-28 16:30:00+00:00,Council Briefing,other,https://councildataproject.org/seattle/#/events/6d6702d7b820?s=0,https://legistar2.granicus.com/seattle/meetings/2021/6/4804_M_Council_Briefing_21-06-28_Committee_Minutes.pdf,https://video.seattle.gov/media/council/brief_062821_2012151V.mp4,/Users/evamaxfield/active/research/publicspeak/cdp-datasets/cdp-seattle-21723dcf/event-6d6702d7b820/session-9ca38ee72908/transcript.csv
seattle,ceca16997f27,2021-09-24 21:00:00+00:00,Land Use and Neighborhoods Committee,other,https://councildataproject.org/seattle/#/events/1834fe33a3a7?s=0,,https://video.seattle.gov/media/council/land_092421_2632135V.mp4,/Users/evamaxfield/active/research/publicspeak/cdp-datasets/cdp-seattle-21723dcf/event-1834fe33a3a7/session-ceca16997f27/transcript.csv
seattle,7c17a860f99d,2023-07-25 16:30:00+00:00,Public Safety and Human Services Committee,other,https://councildataproject.org/seattle/#/events/e8ebbb4ff7e6?s=0,https://legistar2.granicus.com/seattle/meetings/2023/7/5561_M_Public_Safety_and_Human_Services_Committee_23-07-25_Committee_Minutes.pdf,https://video.seattle.gov/media/council/safe_072523_2652327V.mp4,/Users/evamaxfield/active/research/publicspeak/cdp-datasets/cdp-seattle-21723dcf/event-e8ebbb4ff7e6/session-7c17a860f99d/transcript.csv
seattle,b87423b9da9a,2021-02-08 17:30:00+00:00,Council Briefing,other,https://councildataproject.org/seattle/#/events/5518e9f6ae07?s=0,https://legistar2.granicus.com/seattle/meetings/2021/2/4662_M_Council_Briefing_21-02-08_Committee_Minutes.pdf,https://video.seattle.gov/media/council/brief_020821_2012111V.mp4,/Users/evamaxfield/active/research/publicspeak/cdp-datasets/cdp-seattle-21723dcf/event-5518e9f6ae07/session-b87423b9da9a/transcript.csv
seattle,44cb6c40131e,2023-07-26 16:30:00+00:00,"Economic Development, Technology, and City Light Committee",other,https://councildataproject.org/seattle/#/events/ddbba296b211?s=0,https://legistar2.granicus.com/seattle/meetings/2023/7/5562_M_Economic_Development%2C_Technology%2C_and_City_Light_Committee_23-07-26_Committee_Minutes.pdf,https://video.seattle.gov/media/council/econ_072623_2682327V.mp4,/Users/evamaxfield/active/research/publicspeak/cdp-datasets/cdp-seattle-21723dcf/event-ddbba296b211/session-44cb6c40131e/transcript.csv
seattle,a05b18f6d5af,2023-07-05 21:00:00+00:00,City Council,full council,https://councildataproject.org/seattle/#/events/4c7ef6d11be5?s=0,,https://video.seattle.gov/media/council/council_070523_2022353V.mp4,/Users/evamaxfield/active/research/publicspeak/cdp-datasets/cdp-seattle-21723dcf/event-4c7ef6d11be5/session-a05b18f6d5af/transcript.csv
seattle,ec2513742e97,2021-11-08 17:30:00+00:00,Council Briefing,other,https://councildataproject.org/seattle/#/events/04c4995c7c71?s=0,https://legistar2.granicus.com/seattle/meetings/2021/11/4905_M_Council_Briefing_21-11-08_Committee_Minutes.pdf,https://video.seattle.gov/media/council/brief_110821_2012187V.mp4,/Users/evamaxfield/active/research/publicspeak/cdp-datasets/cdp-seattle-21723dcf/event-04c4995c7c71/session-ec2513742e97/transcript.csv
seattle,70b85971faa8,2022-09-09 16:30:00+00:00,"Neighborhoods, Education, Civil Rights, and Culture Committee",other,https://councildataproject.org/seattle/#/events/d6bb582ba073?s=0,,https://video.seattle.gov/media/council/neigh_090922_2712229V.mp4,/Users/evamaxfield/active/research/publicspeak/cdp-datasets/cdp-seattle-21723dcf/event-d6bb582ba073/session-70b85971faa8/transcript.csv
seattle,1127cefbdc0c,2022-08-19 16:30:00+00:00,Sustainability and Renters' Rights Committee,housing committee,https://councildataproject.org/seattle/#/events/147572cf9970?s=0,https://legistar2.granicus.com/seattle/meetings/2022/8/5238_M_Sustainability_and_Renters'_Rights_Committee_22-08-19_Committee_Minutes.pdf,https://video.seattle.gov/media/council/sust_081922_2662229V.mp4,/Users/evamaxfield/active/research/publicspeak/cdp-datasets/cdp-seattle-21723dcf/event-147572cf9970/session-1127cefbdc0c/transcript.csv
seattle,6281d069214e,2022-08-11 16:30:00+00:00,Finance and Housing Committee,housing committee,https://councildataproject.org/seattle/#/events/8fcf7b6f07e1?s=0,https://legistar2.granicus.com/seattle/meetings/2022/8/5225_M_Finance_and_Housing_Committee_22-08-11_Committee_Minutes.pdf,https://video.seattle.gov/media/council/fin_081122_2612228V.mp4,/Users/evamaxfield/active/research/publicspeak/cdp-datasets/cdp-seattle-21723dcf/event-8fcf7b6f07e1/session-6281d069214e/transcript.csv
seattle,392f4081a0fc,2020-12-08 22:00:00+00:00,Governance and Education Committee,other,https://councildataproject.org/seattle/#/events/fa68b6d3afad?s=0,,https://video.seattle.gov/media/council/gov_120820_2622005V.mp4,/Users/evamaxfield/active/research/publicspeak/cdp-datasets/cdp-seattle-21723dcf/event-fa68b6d3afad/session-392f4081a0fc/transcript.csv
seattle,6ddbaa2ac395,2022-05-10 16:30:00+00:00,Public Safety and Human Services Committee,other,https://councildataproject.org/seattle/#/events/546974ddd5c6?s=0,https://legistar2.granicus.com/seattle/meetings/2022/5/5117_M_Public_Safety_and_Human_Services_Committee_22-05-10_Committee_Minutes.pdf,https://video.seattle.gov/media/council/safe_051022_2652217V.mp4,/Users/evamaxfield/active/research/publicspeak/cdp-datasets/cdp-seattle-21723dcf/event-546974ddd5c6/session-6ddbaa2ac395/transcript.csv
seattle,c990c0532e07,2022-06-28 16:30:00+00:00,Public Safety and Human Services Committee,other,https://councildataproject.org/seattle/#/events/ed1ee46a576f?s=0,,https://video.seattle.gov/media/council/safe_062822_2652223V.mp4,/Users/evamaxfield/active/research/publicspeak/cdp-datasets/cdp-seattle-21723dcf/event-ed1ee46a576f/session-c990c0532e07/transcript.csv
seattle,9e38a4c12e3f,2022-01-19 17:30:00+00:00,Finance and Housing Committee,housing committee,https://councildataproject.org/seattle/#/events/d0569e2f0157?s=0,,https://video.seattle.gov/media/council/fin_011922_2612201V.mp4,/Users/evamaxfield/active/research/publicspeak/cdp-datasets/cdp-seattle-21723dcf/event-d0569e2f0157/session-9e38a4c12e3f/transcript.csv
seattle,f9bbf34ef7fe,2020-02-03 22:00:00+00:00,City Council,full council,https://councildataproject.org/seattle/#/events/4fa4155c9d49?s=0,,https://video.seattle.gov/media/council/council_020320_2022009V.mp4,/Users/evamaxfield/active/research/publicspeak/cdp-datasets/cdp-seattle-21723dcf/event-4fa4155c9d49/session-f9bbf34ef7fe/transcript.csv
seattle,bc4361f24d2b,2023-06-05 21:00:00+00:00,Council Briefing,other,https://councildataproject.org/seattle/#/events/d45d5cc5d7b7?s=0,,https://video.seattle.gov/media/council/brief_060523_2012337V.mp4,/Users/evamaxfield/active/research/publicspeak/cdp-datasets/cdp-seattle-21723dcf/event-d45d5cc5d7b7/session-bc4361f24d2b/transcript.csv
seattle,8b89c584a6bf,2020-07-17 17:00:00+00:00,Select Committee on Seattle Transportation Benefit District Funding,other,https://councildataproject.org/seattle/#/events/3a246bd687ab?s=0,https://legistar2.granicus.com/seattle/meetings/2020/7/4486_M_Select_Committee_on_Seattle_Transportation_Benefit_District_Funding__20-07-17_Committee_Minutes.pdf,https://video.seattle.gov/media/council/transben_071720_2162021V.mp4,/Users/evamaxfield/active/research/publicspeak/cdp-datasets/cdp-seattle-21723dcf/event-3a246bd687ab/session-8b89c584a6bf/transcript.csv
seattle,03f050e4b9fd,2021-10-18 21:00:00+00:00,City Council,full council,https://councildataproject.org/seattle/#/events/a45e6d584119?s=0,https://legistar2.granicus.com/seattle/meetings/2021/10/4893_M_City_Council_21-10-18_Full_Council_Meeting_Minutes.pdf,https://video.seattle.gov/media/council/council_101821_2022179V.mp4,/Users/evamaxfield/active/research/publicspeak/cdp-datasets/cdp-seattle-21723dcf/event-a45e6d584119/session-03f050e4b9fd/transcript.csv
seattle,5507483413aa,2021-02-09 22:00:00+00:00,Governance and Education Committee,other,https://councildataproject.org/seattle/#/events/bdf6d45bcd15?s=0,https://legistar2.granicus.com/seattle/meetings/2021/2/4665_M_Governance_and_Education_Committee_21-02-09_Committee_Minutes.pdf,https://video.seattle.gov/media/council/gov_020921_2622103V.mp4,/Users/evamaxfield/active/research/publicspeak/cdp-datasets/cdp-seattle-21723dcf/event-bdf6d45bcd15/session-5507483413aa/transcript.csv
seattle,bdc436a1998f,2020-06-10 16:30:00+00:00,Land Use and Neighborhoods Committee,other,https://councildataproject.org/seattle/#/events/085d87ffc530?s=0,,https://video.seattle.gov/media/council/land_061020_2632017V.mp4,/Users/evamaxfield/active/research/publicspeak/cdp-datasets/cdp-seattle-21723dcf/event-085d87ffc530/session-bdc436a1998f/transcript.csv
seattle,2690de3333fc,2022-03-07 22:00:00+00:00,Council Briefing,other,https://councildataproject.org/seattle/#/events/2d1feec5898f?s=0,https://legistar2.granicus.com/seattle/meetings/2022/3/5036_M_Council_Briefing_22-03-07_Committee_Minutes.pdf,https://video.seattle.gov/media/council/brief_030722_2012213V.mp4,/Users/evamaxfield/active/research/publicspeak/cdp-datasets/cdp-seattle-21723dcf/event-2d1feec5898f/session-2690de3333fc/transcript.csv
seattle,572d732db5cb,2020-02-24 17:30:00+00:00,Council Briefing,other,https://councildataproject.org/seattle/#/events/4c8d82d08cc7?s=0,https://legistar2.granicus.com/seattle/meetings/2020/2/4332_M_Council_Briefing_20-02-24_Committee_Minutes.pdf,https://video.seattle.gov/media/council/brief_022420_2012015V.mp4,/Users/evamaxfield/active/research/publicspeak/cdp-datasets/cdp-seattle-21723dcf/event-4c8d82d08cc7/session-572d732db5cb/transcript.csv
seattle,c94db73daacd,2022-05-11 16:30:00+00:00,"Economic Development, Technology, and City Light Committee",other,https://councildataproject.org/seattle/#/events/b5e3673a68ff?s=0,https://legistar2.granicus.com/seattle/meetings/2022/5/5119_M_Economic_Development%2C_Technology%2C_and_City_Light_Committee_22-05-11_Committee_Minutes.pdf,https://video.seattle.gov/media/council/econ_051122_2682215V.mp4,/Users/evamaxfield/active/research/publicspeak/cdp-datasets/cdp-seattle-21723dcf/event-b5e3673a68ff/session-c94db73daacd/transcript.csv
seattle,2a8d031f2ad6,2020-10-29 16:30:00+00:00,Select Budget Committee,other,https://councildataproject.org/seattle/#/events/a2cd7f56946a?s=1,https://legistar2.granicus.com/seattle/meetings/2020/10/4572_M_Select_Budget_Committee_20-10-29_Committee_Minutes.pdf,https://video.seattle.gov/media/council/budget_102920_2062077V.mp4,/Users/evamaxfield/active/research/publicspeak/cdp-datasets/cdp-seattle-21723dcf/event-a2cd7f56946a/session-2a8d031f2ad6/transcript.csv
seattle,1a60d7dba27c,2021-07-26 21:00:00+00:00,City Council,full council,https://councildataproject.org/seattle/#/events/f9dfc503bab3?s=0,https://legistar2.granicus.com/seattle/meetings/2021/7/4824_M_City_Council_21-07-26_Full_Council_Meeting_Minutes.pdf,https://video.seattle.gov/media/council/council_072621_2022159V.mp4,/Users/evamaxfield/active/research/publicspeak/cdp-datasets/cdp-seattle-21723dcf/event-f9dfc503bab3/session-1a60d7dba27c/transcript.csv
seattle,6dc801b87b39,2023-05-30 21:00:00+00:00,City Council,full council,https://councildataproject.org/seattle/#/events/ac3ad3f53c73?s=0,,https://video.seattle.gov/media/council/council_053023_2022343V.mp4,/Users/evamaxfield/active/research/publicspeak/cdp-datasets/cdp-seattle-21723dcf/event-ac3ad3f53c73/session-6dc801b87b39/transcript.csv
seattle,ab8e206e24c6,2020-08-19 16:30:00+00:00,Transportation and Utilities Committee,other,https://councildataproject.org/seattle/#/events/46093a45287e?s=0,https://legistar2.granicus.com/seattle/meetings/2020/8/4507_M_Transportation_and_Utilities_Committee_20-08-19_Committee_Minutes.pdf,https://video.seattle.gov/media/council/tran_081920_2672023V.mp4,/Users/evamaxfield/active/research/publicspeak/cdp-datasets/cdp-seattle-21723dcf/event-46093a45287e/session-ab8e206e24c6/transcript.csv
seattle,1ca25fd1350f,2021-06-23 21:00:00+00:00,Select Committee on Homelessness Strategies and Investments,other,https://councildataproject.org/seattle/#/events/ee7672ff5985?s=0,https://legistar2.granicus.com/seattle/meetings/2021/6/4803_M_Select_Committee_on_Homelessness_Strategies_and_Investments__21-06-23_Committee_Minutes.pdf,https://video.seattle.gov/media/council/home_062321_2162113V.mp4,/Users/evamaxfield/active/research/publicspeak/cdp-datasets/cdp-seattle-21723dcf/event-ee7672ff5985/session-1ca25fd1350f/transcript.csv
seattle,5ebad5eae48c,2021-08-18 16:30:00+00:00,Transportation and Utilities Committee,other,https://councildataproject.org/seattle/#/events/6eecf0cdd5d0?s=0,https://legistar2.granicus.com/seattle/meetings/2021/8/4850_M_Transportation_and_Utilities_Committee_21-08-18_Committee_Minutes.pdf,https://video.seattle.gov/media/council/tran_081821_2672129V.mp4,/Users/evamaxfield/active/research/publicspeak/cdp-datasets/cdp-seattle-21723dcf/event-6eecf0cdd5d0/session-5ebad5eae48c/transcript.csv
seattle,204cf8da20b4,2021-07-12 21:00:00+00:00,City Council,full council,https://councildataproject.org/seattle/#/events/63c63c398723?s=0,https://legistar2.granicus.com/seattle/meetings/2021/7/4811_M_City_Council_21-07-12_Full_Council_Meeting_Minutes.pdf,https://video.seattle.gov/media/council/council_071221_2022155V.mp4,/Users/evamaxfield/active/research/publicspeak/cdp-datasets/cdp-seattle-21723dcf/event-63c63c398723/session-204cf8da20b4/transcript.csv
seattle,eccc680ff3f1,2021-05-26 21:00:00+00:00,Select Committee on Homelessness Strategies and Investments,other,https://councildataproject.org/seattle/#/events/d94f6854ddd6?s=0,https://legistar2.granicus.com/seattle/meetings/2021/5/4773_M_Select_Committee_on_Homelessness_Strategies_and_Investments__21-05-26_Committee_Minutes.pdf,https://video.seattle.gov/media/council/home_052621_2162109V.mp4,/Users/evamaxfield/active/research/publicspeak/cdp-datasets/cdp-seattle-21723dcf/event-d94f6854ddd6/session-eccc680ff3f1/transcript.csv
seattle,c460a8868bbf,2023-04-12 16:30:00+00:00,"Economic Development, Technology, and City Light Committee",other,https://councildataproject.org/seattle/#/events/03010207d281?s=0,https://legistar2.granicus.com/seattle/meetings/2023/4/5434_M_Economic_Development%2C_Technology%2C_and_City_Light_Committee_23-04-12_Committee_Minutes.pdf,https://video.seattle.gov/media/council/econ_041223_2682313V.mp4,/Users/evamaxfield/active/research/publicspeak/cdp-datasets/cdp-seattle-21723dcf/event-03010207d281/session-c460a8868bbf/transcript.csv
seattle,04d1b884cdfe,2022-05-27 16:30:00+00:00,"Neighborhoods, Education, Civil Rights, and Culture Committee",other,https://councildataproject.org/seattle/#/events/7244442f5d00?s=0,,https://video.seattle.gov/media/council/neigh_052722_2162205V.mp4,/Users/evamaxfield/active/research/publicspeak/cdp-datasets/cdp-seattle-21723dcf/event-7244442f5d00/session-04d1b884cdfe/transcript.csv
seattle,e9bdfa228805,2022-10-03 21:00:00+00:00,Council Briefing,other,https://councildataproject.org/seattle/#/events/c5a6c08c7135?s=0,,https://video.seattle.gov/media/council/brief_100322_2012261V.mp4,/Users/evamaxfield/active/research/publicspeak/cdp-datasets/cdp-seattle-21723dcf/event-c5a6c08c7135/session-e9bdfa228805/transcript.csv
seattle,ce754365d6c6,2021-11-18 17:30:00+00:00,Select Budget Committee,other,https://councildataproject.org/seattle/#/events/0b72b75170ec?s=0,https://legistar2.granicus.com/seattle/meetings/2021/11/4865_M_Select_Budget_Committee_21-11-18_Committee_Minutes.pdf,https://video.seattle.gov/media/council/budget_111821_2062145V.mp4,/Users/evamaxfield/active/research/publicspeak/cdp-datasets/cdp-seattle-21723dcf/event-0b72b75170ec/session-ce754365d6c6/transcript.csv
seattle,ec8c5d381c0c,2023-02-14 17:30:00+00:00,Public Safety and Human Services Committee,other,https://councildataproject.org/seattle/#/events/16079b47221f?s=0,,https://video.seattle.gov/media/council/safe_021423_2652305V.mp4,/Users/evamaxfield/active/research/publicspeak/cdp-datasets/cdp-seattle-21723dcf/event-16079b47221f/session-ec8c5d381c0c/transcript.csv
seattle,ad93acca5e2b,2021-07-28 16:30:00+00:00,Land Use and Neighborhoods Committee,other,https://councildataproject.org/seattle/#/events/dfe7da057f31?s=0,https://legistar2.granicus.com/seattle/meetings/2021/7/4828_M_Land_Use_and_Neighborhoods_Committee_21-07-28_Committee_Minutes.pdf,https://video.seattle.gov/media/council/land_072821_2632127V.mp4,/Users/evamaxfield/active/research/publicspeak/cdp-datasets/cdp-seattle-21723dcf/event-dfe7da057f31/session-ad93acca5e2b/transcript.csv
seattle,7fa83e968bac,2021-08-03 16:30:00+00:00,Finance and Housing Committee,housing committee,https://councildataproject.org/seattle/#/events/5d030afe5963?s=0,https://legistar2.granicus.com/seattle/meetings/2021/8/4831_M_Finance_and_Housing_Committee_21-08-03_Committee_Minutes.pdf,https://video.seattle.gov/media/council/fin_080321_2612131V.mp4,/Users/evamaxfield/active/research/publicspeak/cdp-datasets/cdp-seattle-21723dcf/event-5d030afe5963/session-7fa83e968bac/transcript.csv
seattle,11beb8036e2b,2020-07-22 21:00:00+00:00,Select Budget Committee,other,https://councildataproject.org/seattle/#/events/4f5f12c04b00?s=0,https://legistar2.granicus.com/seattle/meetings/2020/7/4493_M_Select_Budget_Committee_20-07-22_Committee_Minutes.pdf,https://video.seattle.gov/media/council/budget_072220_2062031V.mp4,/Users/evamaxfield/active/research/publicspeak/cdp-datasets/cdp-seattle-21723dcf/event-4f5f12c04b00/session-11beb8036e2b/transcript.csv
seattle,82302fd7a33b,2020-12-17 17:30:00+00:00,Public Safety and Human Services Committee,other,https://councildataproject.org/seattle/#/events/d9fac75d4b76?s=0,https://legistar2.granicus.com/seattle/meetings/2020/12/4630_M_Public_Safety_and_Human_Services_Committee_20-12-17_Committee_Minutes.pdf,https://video.seattle.gov/media/council/safe_121720_2652027V.mp4,/Users/evamaxfield/active/research/publicspeak/cdp-datasets/cdp-seattle-21723dcf/event-d9fac75d4b76/session-82302fd7a33b/transcript.csv
seattle,76bba31aaf85,2022-09-06 16:30:00+00:00,Transportation and Seattle Public Utilities,other,https://councildataproject.org/seattle/#/events/7dd53cf3cdf4?s=0,,https://video.seattle.gov/media/council/tran_090622_2732229V.mp4,/Users/evamaxfield/active/research/publicspeak/cdp-datasets/cdp-seattle-21723dcf/event-7dd53cf3cdf4/session-76bba31aaf85/transcript.csv
seattle,4c2da7cea7af,2022-03-01 17:30:00+00:00,Transportation and Seattle Public Utilities,other,https://councildataproject.org/seattle/#/events/f4d4ac0396fd?s=0,https://legistar2.granicus.com/seattle/meetings/2022/3/5022_M_Transportation_and_Seattle_Public_Utilities_22-03-01_Committee_Minutes.pdf,https://video.seattle.gov/media/council/tran_030122_2732205V.mp4,/Users/evamaxfield/active/research/publicspeak/cdp-datasets/cdp-seattle-21723dcf/event-f4d4ac0396fd/session-4c2da7cea7af/transcript.csv
seattle,75847caaa849,2020-06-22 16:30:00+00:00,Council Briefing,other,https://councildataproject.org/seattle/#/events/70f35b0c0628?s=0,https://legistar2.granicus.com/seattle/meetings/2020/6/4459_M_Council_Briefing_20-06-22_Committee_Minutes.pdf,https://video.seattle.gov/media/council/brief_062220_2012049V.mp4,/Users/evamaxfield/active/research/publicspeak/cdp-datasets/cdp-seattle-21723dcf/event-70f35b0c0628/session-75847caaa849/transcript.csv
seattle,a091ea856a16,2021-02-24 22:00:00+00:00,Select Committee on Homelessness Strategies and Investments,other,https://councildataproject.org/seattle/#/events/f1cdc79352be?s=0,https://legistar2.granicus.com/seattle/meetings/2021/2/4678_M_Select_Committee_on_Homelessness_Strategies_and_Investments__21-02-24_Committee_Minutes.pdf,https://video.seattle.gov/media/council/home_022421_2162103V.mp4,/Users/evamaxfield/active/research/publicspeak/cdp-datasets/cdp-seattle-21723dcf/event-f1cdc79352be/session-a091ea856a16/transcript.csv
seattle,5498bc14c946,2021-09-08 21:00:00+00:00,Community Economic Development Committee,other,https://councildataproject.org/seattle/#/events/f30c2824dade?s=0,https://legistar2.granicus.com/seattle/meetings/2021/9/4852_M_Community_Economic_Development_Committee_21-09-08_Committee_Minutes.pdf,https://video.seattle.gov/media/council/econ_090821_2602120V.mp4,/Users/evamaxfield/active/research/publicspeak/cdp-datasets/cdp-seattle-21723dcf/event-f30c2824dade/session-5498bc14c946/transcript.csv
seattle,55a112ec2038,2021-08-02 21:00:00+00:00,City Council,full council,https://councildataproject.org/seattle/#/events/2eb693d12b93?s=0,https://legistar2.granicus.com/seattle/meetings/2021/8/4834_M_City_Council_21-08-02_Full_Council_Meeting_Minutes.pdf,https://video.seattle.gov/media/council/council_080221_2022161V.mp4,/Users/evamaxfield/active/research/publicspeak/cdp-datasets/cdp-seattle-21723dcf/event-2eb693d12b93/session-55a112ec2038/transcript.csv
seattle,fe09e3d1564f,2021-05-12 21:00:00+00:00,Sustainability and Renters' Rights Committee,housing committee,https://councildataproject.org/seattle/#/events/9fc2e3743166?s=0,https://legistar2.granicus.com/seattle/meetings/2021/5/4760_M_Sustainability_and_Renters'_Rights_Committee_21-05-12_Committee_Minutes.pdf,https://video.seattle.gov/media/council/sust_051221_2662108V.mp4,/Users/evamaxfield/active/research/publicspeak/cdp-datasets/cdp-seattle-21723dcf/event-9fc2e3743166/session-fe09e3d1564f/transcript.csv
seattle,bc815f76977a,2023-08-15 21:00:00+00:00,City Council,full council,https://councildataproject.org/seattle/#/events/5e0e283af0ac?s=0,,https://video.seattle.gov/media/council/council_081523_2022365V.mp4,/Users/evamaxfield/active/research/publicspeak/cdp-datasets/cdp-seattle-21723dcf/event-5e0e283af0ac/session-bc815f76977a/transcript.csv
seattle,a13b13bf7760,2020-10-30 16:30:00+00:00,Select Budget Committee,other,https://councildataproject.org/seattle/#/events/83d6b5543b11?s=0,https://legistar2.granicus.com/seattle/meetings/2020/10/4573_M_Select_Budget_Committee_20-10-30_Committee_Minutes.pdf,https://video.seattle.gov/media/council/budget_103020_2062079V.mp4,/Users/evamaxfield/active/research/publicspeak/cdp-datasets/cdp-seattle-21723dcf/event-83d6b5543b11/session-a13b13bf7760/transcript.csv
seattle,20c995f0ef85,2020-02-24 22:00:00+00:00,City Council,full council,https://councildataproject.org/seattle/#/events/705eae0b99ae?s=0,https://legistar2.granicus.com/seattle/meetings/2020/2/4333_M_City_Council_20-02-24_Full_Council_Meeting_Minutes.pdf,https://video.seattle.gov/media/council/council_022420_2022015V.mp4,/Users/evamaxfield/active/research/publicspeak/cdp-datasets/cdp-seattle-21723dcf/event-705eae0b99ae/session-20c995f0ef85/transcript.csv
seattle,43f63515e6c9,2020-03-04 17:30:00+00:00,Transportation and Utilities Committee,other,https://councildataproject.org/seattle/#/events/a06892ca95b5?s=0,https://legistar2.granicus.com/seattle/meetings/2020/3/4341_M_Transportation_and_Utilities_Committee_20-03-04_Committee_Minutes.pdf,https://video.seattle.gov/media/council/tran_030420_2672008V.mp4,/Users/evamaxfield/active/research/publicspeak/cdp-datasets/cdp-seattle-21723dcf/event-a06892ca95b5/session-43f63515e6c9/transcript.csv
seattle,b67f0bbf750b,2022-03-17 16:30:00+00:00,"Governance, Native Communities, and Tribal Governments Committee",other,https://councildataproject.org/seattle/#/events/46d357cb51bf?s=0,https://legistar2.granicus.com/seattle/meetings/2022/3/5050_M_Governance%2C_Native_Communities%2C_and_Tribal_Governments_Committee_22-03-17_Committee_Minutes.pdf,https://video.seattle.gov/media/council/govern_031722_2692205V.mp4,/Users/evamaxfield/active/research/publicspeak/cdp-datasets/cdp-seattle-21723dcf/event-46d357cb51bf/session-b67f0bbf750b/transcript.csv
seattle,4cb5f3d2a080,2020-10-12 16:30:00+00:00,Council Briefing,other,https://councildataproject.org/seattle/#/events/6683ead47d96?s=0,https://legistar2.granicus.com/seattle/meetings/2020/10/4578_M_Council_Briefing_20-10-12_Committee_Minutes.pdf,https://video.seattle.gov/media/council/brief_101220_2012077V.mp4,/Users/evamaxfield/active/research/publicspeak/cdp-datasets/cdp-seattle-21723dcf/event-6683ead47d96/session-4cb5f3d2a080/transcript.csv
seattle,59025ee6857c,2020-05-04 16:30:00+00:00,Council Briefing,other,https://councildataproject.org/seattle/#/events/7ae46e41d3ab?s=0,https://legistar2.granicus.com/seattle/meetings/2020/5/4406_M_Council_Briefing_20-05-04_Committee_Minutes.pdf,https://video.seattle.gov/media/council/brief_050420_2012035V.mp4,/Users/evamaxfield/active/research/publicspeak/cdp-datasets/cdp-seattle-21723dcf/event-7ae46e41d3ab/session-59025ee6857c/transcript.csv
seattle,6292bc55eb0e,2020-09-29 21:00:00+00:00,City Council,full council,https://councildataproject.org/seattle/#/events/d532acdf0e57?s=0,https://legistar2.granicus.com/seattle/meetings/2020/9/4554_M_City_Council_20-09-29_Committee_Minutes.pdf,https://video.seattle.gov/media/council/council_092920_2022073V.mp4,/Users/evamaxfield/active/research/publicspeak/cdp-datasets/cdp-seattle-21723dcf/event-d532acdf0e57/session-6292bc55eb0e/transcript.csv
seattle,ce388ee84d34,2022-07-19 21:00:00+00:00,City Council,full council,https://councildataproject.org/seattle/#/events/9430939b4abe?s=0,,https://video.seattle.gov/media/council/council_071922_2022257V.mp4,/Users/evamaxfield/active/research/publicspeak/cdp-datasets/cdp-seattle-21723dcf/event-9430939b4abe/session-ce388ee84d34/transcript.csv
seattle,730ba0763750,2022-06-07 16:30:00+00:00,Transportation and Seattle Public Utilities,other,https://councildataproject.org/seattle/#/events/c119b3345d20?s=0,https://legistar2.granicus.com/seattle/meetings/2022/6/5150_M_Transportation_and_Seattle_Public_Utilities_22-06-07_Committee_Minutes.pdf,https://video.seattle.gov/media/council/tran_060722_2732217V.mp4,/Users/evamaxfield/active/research/publicspeak/cdp-datasets/cdp-seattle-21723dcf/event-c119b3345d20/session-730ba0763750/transcript.csv
seattle,5474aa6549b3,2021-04-26 16:30:00+00:00,Council Briefing,other,https://councildataproject.org/seattle/#/events/1120dc7f2d21?s=0,https://legistar2.granicus.com/seattle/meetings/2021/4/4736_M_Council_Briefing_21-04-26_Committee_Minutes.pdf,https://video.seattle.gov/media/council/brief_042621_2012133V.mp4,/Users/evamaxfield/active/research/publicspeak/cdp-datasets/cdp-seattle-21723dcf/event-1120dc7f2d21/session-5474aa6549b3/transcript.csv
seattle,7416d3fe3b87,2022-11-21 17:30:00+00:00,Select Budget Committee,other,https://councildataproject.org/seattle/#/events/c511d54b8061?s=0,,https://video.seattle.gov/media/council/budget_112122_2062241V.mp4,/Users/evamaxfield/active/research/publicspeak/cdp-datasets/cdp-seattle-21723dcf/event-c511d54b8061/session-7416d3fe3b87/transcript.csv
seattle,be0b3aaeceb6,2022-06-14 21:00:00+00:00,City Council,full council,https://councildataproject.org/seattle/#/events/d8e43471e518?s=0,,https://video.seattle.gov/media/council/council_061422_2022427V.mp4,/Users/evamaxfield/active/research/publicspeak/cdp-datasets/cdp-seattle-21723dcf/event-d8e43471e518/session-be0b3aaeceb6/transcript.csv
seattle,82da1b59e1d5,2021-03-29 16:30:00+00:00,Council Briefing,other,https://councildataproject.org/seattle/#/events/9d04ecae5a89?s=0,https://legistar2.granicus.com/seattle/meetings/2021/3/4713_M_Council_Briefing_21-03-29_Committee_Minutes.pdf,https://video.seattle.gov/media/council/brief_032921_2012125V.mp4,/Users/evamaxfield/active/research/publicspeak/cdp-datasets/cdp-seattle-21723dcf/event-9d04ecae5a89/session-82da1b59e1d5/transcript.csv
seattle,2e46aef6d912,2020-10-16 16:30:00+00:00,Select Budget Committee,other,https://councildataproject.org/seattle/#/events/4e166dfc99d7?s=0,https://legistar2.granicus.com/seattle/meetings/2020/10/4568_M_Select_Budget_Committee_20-10-16_Committee_Minutes.pdf,https://video.seattle.gov/media/council/budget_101620_2062057V.mp4,/Users/evamaxfield/active/research/publicspeak/cdp-datasets/cdp-seattle-21723dcf/event-4e166dfc99d7/session-2e46aef6d912/transcript.csv
seattle,37f33152b1ea,2021-05-06 21:00:00+00:00,Select Committee on Homelessness Strategies and Investments,other,https://councildataproject.org/seattle/#/events/9aefaf70d88b?s=0,https://legistar2.granicus.com/seattle/meetings/2021/5/4751_M_Select_Committee_on_Homelessness_Strategies_and_Investments__21-05-06_Committee_Minutes.pdf,https://video.seattle.gov/media/council/home_050621_2162107V.mp4,/Users/evamaxfield/active/research/publicspeak/cdp-datasets/cdp-seattle-21723dcf/event-9aefaf70d88b/session-37f33152b1ea/transcript.csv
seattle,491efb58ba46,2021-06-08 21:00:00+00:00,Governance and Education Committee,other,https://councildataproject.org/seattle/#/events/c4bcad4f77e0?s=0,https://legistar2.granicus.com/seattle/meetings/2021/6/4786_M_Governance_and_Education_Committee_21-06-08_Committee_Minutes.pdf,https://video.seattle.gov/media/council/gov_060821_2622111V.mp4,/Users/evamaxfield/active/research/publicspeak/cdp-datasets/cdp-seattle-21723dcf/event-c4bcad4f77e0/session-491efb58ba46/transcript.csv
seattle,659ebdb2f564,2023-04-11 16:30:00+00:00,Public Safety and Human Services Committee,other,https://councildataproject.org/seattle/#/events/5c522f38a329?s=0,https://legistar2.granicus.com/seattle/meetings/2023/4/5437_M_Public_Safety_and_Human_Services_Committee_23-04-11_Committee_Minutes.pdf,https://video.seattle.gov/media/council/safe_041123_2652313V.mp4,/Users/evamaxfield/active/research/publicspeak/cdp-datasets/cdp-seattle-21723dcf/event-5c522f38a329/session-659ebdb2f564/transcript.csv
seattle,cabba986bb94,2022-02-15 22:00:00+00:00,City Council,full council,https://councildataproject.org/seattle/#/events/11da3ccb7711?s=0,https://legistar2.granicus.com/seattle/meetings/2022/2/5003_M_City_Council_22-02-15_Full_Council_Meeting_Minutes.pdf,https://video.seattle.gov/media/council/council_021522_2022213V.mp4,/Users/evamaxfield/active/research/publicspeak/cdp-datasets/cdp-seattle-21723dcf/event-11da3ccb7711/session-cabba986bb94/transcript.csv
seattle,aafb0dd61642,2020-03-02 22:00:00+00:00,City Council,full council,https://councildataproject.org/seattle/#/events/4cd1ae2c823e?s=0,https://legistar2.granicus.com/seattle/meetings/2020/3/4339_M_City_Council_20-03-02_Full_Council_Meeting_Minutes.pdf,https://video.seattle.gov/media/council/council_030220_2022017V.mp4,/Users/evamaxfield/active/research/publicspeak/cdp-datasets/cdp-seattle-21723dcf/event-4cd1ae2c823e/session-aafb0dd61642/transcript.csv
seattle,4c0dd83be2e8,2022-03-29 21:00:00+00:00,City Council,full council,https://councildataproject.org/seattle/#/events/a6c516da1a2a?s=0,https://legistar2.granicus.com/seattle/meetings/2022/3/5062_M_City_Council_22-03-29_Full_Council_Meeting_Minutes.pdf,https://video.seattle.gov/media/council/council_032922_2022225V.mp4,/Users/evamaxfield/active/research/publicspeak/cdp-datasets/cdp-seattle-21723dcf/event-a6c516da1a2a/session-4c0dd83be2e8/transcript.csv
seattle,c27f963bc0c1,2023-04-25 21:00:00+00:00,City Council,full council,https://councildataproject.org/seattle/#/events/1724492d8df3?s=0,,https://video.seattle.gov/media/council/council_042523_2022333V.mp4,/Users/evamaxfield/active/research/publicspeak/cdp-datasets/cdp-seattle-21723dcf/event-1724492d8df3/session-c27f963bc0c1/transcript.csv
seattle,8b33a82e9226,2021-03-23 16:30:00+00:00,Public Safety and Human Services Committee,other,https://councildataproject.org/seattle/#/events/a3b91aec014a?s=0,https://legistar2.granicus.com/seattle/meetings/2021/3/4708_M_Public_Safety_and_Human_Services_Committee_21-03-23_Committee_Minutes.pdf,https://video.seattle.gov/media/council/safe_032321_2652111V.mp4,/Users/evamaxfield/active/research/publicspeak/cdp-datasets/cdp-seattle-21723dcf/event-a3b91aec014a/session-8b33a82e9226/transcript.csv
seattle,4a7acf91fd3a,2020-01-06 17:30:00+00:00,Council Briefing,other,https://councildataproject.org/seattle/#/events/c4a1291564a6?s=0,http://legistar2.granicus.com/seattle/meetings/2020/1/4238_M_Council_Briefing_20-01-06_Committee_Minutes.pdf,https://video.seattle.gov/media/council/brief_010620_2012001V.mp4,/Users/evamaxfield/active/research/publicspeak/cdp-datasets/cdp-seattle-21723dcf/event-c4a1291564a6/session-4a7acf91fd3a/transcript.csv
seattle,0aa1f8fcd0ad,2022-04-12 16:30:00+00:00,Public Safety and Human Services Committee,other,https://councildataproject.org/seattle/#/events/191da1d7a5c1?s=0,https://legistar2.granicus.com/seattle/meetings/2022/4/5082_M_Public_Safety_and_Human_Services_Committee_22-04-12_Committee_Minutes.pdf,https://video.seattle.gov/media/council/safe_041222_2652213V.mp4,/Users/evamaxfield/active/research/publicspeak/cdp-datasets/cdp-seattle-21723dcf/event-191da1d7a5c1/session-0aa1f8fcd0ad/transcript.csv
seattle,8264728c3e9f,2023-02-10 17:30:00+00:00,"Neighborhoods, Education, Civil Rights, and Culture Committee",other,https://councildataproject.org/seattle/#/events/a771898d7666?s=0,,https://video.seattle.gov/media/council/neigh_021023_2712305V.mp4,/Users/evamaxfield/active/research/publicspeak/cdp-datasets/cdp-seattle-21723dcf/event-a771898d7666/session-8264728c3e9f/transcript.csv
seattle,eff5db85156a,2021-01-12 17:30:00+00:00,Public Safety and Human Services Committee,other,https://councildataproject.org/seattle/#/events/099c961bcba7?s=0,https://legistar2.granicus.com/seattle/meetings/2021/1/4637_M_Public_Safety_and_Human_Services_Committee_21-01-12_Committee_Minutes.pdf,https://video.seattle.gov/media/council/safe_011221_2652101V.mp4,/Users/evamaxfield/active/research/publicspeak/cdp-datasets/cdp-seattle-21723dcf/event-099c961bcba7/session-eff5db85156a/transcript.csv
seattle,3ba68145dcaa,2022-08-16 21:00:00+00:00,City Council,full council,https://councildataproject.org/seattle/#/events/afd18e525188?s=0,,https://video.seattle.gov/media/council/council_081622_2022265V.mp4,/Users/evamaxfield/active/research/publicspeak/cdp-datasets/cdp-seattle-21723dcf/event-afd18e525188/session-3ba68145dcaa/transcript.csv
seattle,f79a3127aad0,2021-07-07 16:30:00+00:00,Transportation and Utilities Committee,other,https://councildataproject.org/seattle/#/events/f5a519c1cf06?s=0,https://legistar2.granicus.com/seattle/meetings/2021/7/4807_M_Transportation_and_Utilities_Committee_21-07-07_Committee_Minutes.pdf,https://video.seattle.gov/media/council/tran_070721_2672123V.mp4,/Users/evamaxfield/active/research/publicspeak/cdp-datasets/cdp-seattle-21723dcf/event-f5a519c1cf06/session-f79a3127aad0/transcript.csv
seattle,19555e51df3c,2021-01-27 17:30:00+00:00,Land Use and Neighborhoods Committee,other,https://councildataproject.org/seattle/#/events/afeefc2870af?s=0,https://legistar2.granicus.com/seattle/meetings/2021/1/4653_M_Land_Use_and_Neighborhoods_Committee_21-01-27_Committee_Minutes.pdf,https://video.seattle.gov/media/council/land_012721_2632103V.mp4,/Users/evamaxfield/active/research/publicspeak/cdp-datasets/cdp-seattle-21723dcf/event-afeefc2870af/session-19555e51df3c/transcript.csv
seattle,97be93382108,2022-05-11 21:00:00+00:00,Land Use Committee,other,https://councildataproject.org/seattle/#/events/1c52c445b8b0?s=0,https://legistar2.granicus.com/seattle/meetings/2022/5/5118_M_Land_Use_Committee_22-05-11_Committee_Minutes.pdf,https://video.seattle.gov/media/council/land_051122_2722213V.mp4,/Users/evamaxfield/active/research/publicspeak/cdp-datasets/cdp-seattle-21723dcf/event-1c52c445b8b0/session-97be93382108/transcript.csv
seattle,d6d18380fd65,2021-12-09 17:30:00+00:00,Public Safety and Human Services Committee,other,https://councildataproject.org/seattle/#/events/b12adc082421?s=0,https://legistar2.granicus.com/seattle/meetings/2021/12/4929_M_Public_Safety_and_Human_Services_Committee_21-12-09_Committee_Minutes.pdf,https://video.seattle.gov/media/council/safe_120921_2652139V.mp4,/Users/evamaxfield/active/research/publicspeak/cdp-datasets/cdp-seattle-21723dcf/event-b12adc082421/session-d6d18380fd65/transcript.csv
seattle,0e1db3f7c867,2020-10-05 16:30:00+00:00,Council Briefing,other,https://councildataproject.org/seattle/#/events/9afefa70270b?s=0,https://legistar2.granicus.com/seattle/meetings/2020/10/4566_M_Council_Briefing_20-10-05_Committee_Minutes.pdf,https://video.seattle.gov/media/council/brief_100520_2012075V.mp4,/Users/evamaxfield/active/research/publicspeak/cdp-datasets/cdp-seattle-21723dcf/event-9afefa70270b/session-0e1db3f7c867/transcript.csv
seattle,e5b5f4db5dbe,2021-01-26 22:00:00+00:00,Sustainability and Renters' Rights Committee,housing committee,https://councildataproject.org/seattle/#/events/3639893d972b?s=0,https://legistar2.granicus.com/seattle/meetings/2021/1/4654_M_Sustainability_and_Renters'_Rights_Committee_21-01-26_Committee_Minutes.pdf,https://video.seattle.gov/media/council/sust_012621_2662101V.mp4,/Users/evamaxfield/active/research/publicspeak/cdp-datasets/cdp-seattle-21723dcf/event-3639893d972b/session-e5b5f4db5dbe/transcript.csv
seattle,39d49af0b14b,2022-04-08 16:30:00+00:00,"Neighborhoods, Education, Civil Rights, and Culture Committee",other,https://councildataproject.org/seattle/#/events/7037eeb7c42b?s=0,https://legistar2.granicus.com/seattle/meetings/2022/4/5065_M_Neighborhoods%2C_Education%2C_Civil_Rights%2C_and_Culture_Committee_22-04-08_Committee_Minutes.pdf,https://video.seattle.gov/media/council/neigh_040822_2712211V.mp4,/Users/evamaxfield/active/research/publicspeak/cdp-datasets/cdp-seattle-21723dcf/event-7037eeb7c42b/session-39d49af0b14b/transcript.csv
seattle,0d95d7c037ff,2022-06-15 16:30:00+00:00,Finance and Housing Committee,housing committee,https://councildataproject.org/seattle/#/events/a5e5eb3854a5?s=0,https://legistar2.granicus.com/seattle/meetings/2022/6/5159_M_Finance_and_Housing_Committee_22-06-15_Committee_Minutes.pdf,https://video.seattle.gov/media/council/fin_061522_2612221V.mp4,/Users/evamaxfield/active/research/publicspeak/cdp-datasets/cdp-seattle-21723dcf/event-a5e5eb3854a5/session-0d95d7c037ff/transcript.csv
seattle,e3319a31daaa,2021-06-01 16:30:00+00:00,Council Briefing,other,https://councildataproject.org/seattle/#/events/f391d65b7474?s=0,https://legistar2.granicus.com/seattle/meetings/2021/6/4782_M_Council_Briefing_21-06-01_Committee_Minutes.pdf,https://video.seattle.gov/media/council/brief_060121_2012143V.mp4,/Users/evamaxfield/active/research/publicspeak/cdp-datasets/cdp-seattle-21723dcf/event-f391d65b7474/session-e3319a31daaa/transcript.csv
seattle,cfa35953331f,2020-04-20 21:00:00+00:00,City Council,full council,https://councildataproject.org/seattle/#/events/11b934026da1?s=0,https://legistar2.granicus.com/seattle/meetings/2020/4/4396_M_City_Council_20-04-20_Full_Council_Meeting_Minutes.pdf,https://video.seattle.gov/media/council/council_042020_2022031V.mp4,/Users/evamaxfield/active/research/publicspeak/cdp-datasets/cdp-seattle-21723dcf/event-11b934026da1/session-cfa35953331f/transcript.csv
seattle,f16bd4a37e59,2021-06-07 16:30:00+00:00,Council Briefing,other,https://councildataproject.org/seattle/#/events/78c384c26aa3?s=0,https://legistar2.granicus.com/seattle/meetings/2021/6/4784_M_Council_Briefing_21-06-07_Committee_Minutes.pdf,https://video.seattle.gov/media/council/brief_060721_2012145V.mp4,/Users/evamaxfield/active/research/publicspeak/cdp-datasets/cdp-seattle-21723dcf/event-78c384c26aa3/session-f16bd4a37e59/transcript.csv
seattle,fac21bef0fe4,2022-01-04 22:00:00+00:00,City Council,full council,https://councildataproject.org/seattle/#/events/b9dc471d7896?s=0,https://legistar2.granicus.com/seattle/meetings/2022/1/4940_M_City_Council_22-01-04_Full_Council_Meeting_Minutes.pdf,https://video.seattle.gov/media/council/council_010422_2022201V.mp4,/Users/evamaxfield/active/research/publicspeak/cdp-datasets/cdp-seattle-21723dcf/event-b9dc471d7896/session-fac21bef0fe4/transcript.csv
seattle,2315e3a68f6e,2021-05-18 16:30:00+00:00,Finance and Housing Committee,housing committee,https://councildataproject.org/seattle/#/events/f457c543637d?s=0,https://legistar2.granicus.com/seattle/meetings/2021/5/4759_M_Finance_and_Housing_Committee_21-05-18_Committee_Minutes.pdf,https://video.seattle.gov/media/council/fin_051821_2612119V.mp4,/Users/evamaxfield/active/research/publicspeak/cdp-datasets/cdp-seattle-21723dcf/event-f457c543637d/session-2315e3a68f6e/transcript.csv
seattle,66576e7d563b,2020-03-05 21:00:00+00:00,City Council,full council,https://councildataproject.org/seattle/#/events/08c3fbce0175?s=0,https://legistar2.granicus.com/seattle/meetings/2020/3/4346_M_City_Council_20-03-05_Full_Council_Meeting_Minutes.pdf,https://video.seattle.gov/media/council/council_030520_2022018V.mp4,/Users/evamaxfield/active/research/publicspeak/cdp-datasets/cdp-seattle-21723dcf/event-08c3fbce0175/session-66576e7d563b/transcript.csv
seattle,e531fe2312d4,2020-11-16 17:30:00+00:00,Council Briefing,other,https://councildataproject.org/seattle/#/events/f28b5fb3e8c4?s=0,https://legistar2.granicus.com/seattle/meetings/2020/11/4593_M_Council_Briefing_20-11-16_Committee_Minutes.pdf,https://video.seattle.gov/media/council/brief_111620_2012087V.mp4,/Users/evamaxfield/active/research/publicspeak/cdp-datasets/cdp-seattle-21723dcf/event-f28b5fb3e8c4/session-e531fe2312d4/transcript.csv
seattle,0f5939a1177d,2021-06-02 16:30:00+00:00,Transportation and Utilities Committee,other,https://councildataproject.org/seattle/#/events/bf1e82169b4d?s=0,https://legistar2.granicus.com/seattle/meetings/2021/6/4779_M_Transportation_and_Utilities_Committee_21-06-02_Committee_Minutes.pdf,https://video.seattle.gov/media/council/tran_060221_2672119V.mp4,/Users/evamaxfield/active/research/publicspeak/cdp-datasets/cdp-seattle-21723dcf/event-bf1e82169b4d/session-0f5939a1177d/transcript.csv
seattle,954bc6c417d5,2020-11-16 22:00:00+00:00,City Council,full council,https://councildataproject.org/seattle/#/events/229a5e8c794e?s=0,https://legistar2.granicus.com/seattle/meetings/2020/11/4592_M_City_Council_20-11-16_Full_Council_Meeting_Minutes.pdf,https://video.seattle.gov/media/council/council_111620_2022087V.mp4,/Users/evamaxfield/active/research/publicspeak/cdp-datasets/cdp-seattle-21723dcf/event-229a5e8c794e/session-954bc6c417d5/transcript.csv
seattle,b8891923b600,2021-07-27 16:30:00+00:00,Public Safety and Human Services Committee,other,https://councildataproject.org/seattle/#/events/36dd65e422ae?s=0,https://legistar2.granicus.com/seattle/meetings/2021/7/4825_M_Public_Safety_and_Human_Services_Committee_21-07-27_Committee_Minutes.pdf,https://video.seattle.gov/media/council/safe_072721_2652127V.mp4,/Users/evamaxfield/active/research/publicspeak/cdp-datasets/cdp-seattle-21723dcf/event-36dd65e422ae/session-b8891923b600/transcript.csv
seattle,361a9f8cb7a4,2023-07-06 16:30:00+00:00,Land Use Committee,other,https://councildataproject.org/seattle/#/events/8ca23accb516?s=0,,https://video.seattle.gov/media/council/land_070623_2722333V.mp4,/Users/evamaxfield/active/research/publicspeak/cdp-datasets/cdp-seattle-21723dcf/event-8ca23accb516/session-361a9f8cb7a4/transcript.csv
seattle,828d655fa8cf,2021-10-04 16:30:00+00:00,Council Briefing,other,https://councildataproject.org/seattle/#/events/e0492294a9f3?s=0,https://legistar2.granicus.com/seattle/meetings/2021/10/4889_M_Council_Briefing_21-10-04_Committee_Minutes.pdf,https://video.seattle.gov/media/council/brief_100421_2012177V.mp4,/Users/evamaxfield/active/research/publicspeak/cdp-datasets/cdp-seattle-21723dcf/event-e0492294a9f3/session-828d655fa8cf/transcript.csv
oakland,448b2d2df2d7,2021-07-20 16:00:00+00:00,Special Concurrent Meeting of the Oakland Redevelopment Successor Agency/City Council,full council,https://councildataproject.org/oakland/#/events/ea4c0be03d0b?s=0,https://oakland.legistar1.com/oakland/meetings/2021/7/8567_M_Special_Concurrent_Meeting_of_the_Oakland_Redevelopment_Successor_Agency_City_Council_21-07-20_Meeting_Minutes.pdf,https://storage.googleapis.com/download/storage/v1/b/cdp-oakland-ba81c097.appspot.com/o/f90b30b540c5b21bbf532389d23d593736d90e18347e4fed0ab3e340c716fb51-video.mp4?alt=media,/Users/evamaxfield/active/research/publicspeak/cdp-datasets/cdp-oakland-ba81c097/event-ea4c0be03d0b/session-448b2d2df2d7/transcript.csv
oakland,e5564c28ba94,2021-06-22 20:30:00+00:00,*Public Works Committee,other,https://councildataproject.org/oakland/#/events/d65bc9905342?s=0,https://oakland.legistar1.com/oakland/meetings/2021/6/8547_M__Public_Works_Committee_21-06-22_Meeting_Minutes.pdf,https://storage.googleapis.com/download/storage/v1/b/cdp-oakland-ba81c097.appspot.com/o/765f3c7eba4e8d22f2c8cac0832cf41ff78ac7f78e997ebd6c1b6a282263dadb-video.mp4?alt=media,/Users/evamaxfield/active/research/publicspeak/cdp-datasets/cdp-oakland-ba81c097/event-d65bc9905342/session-e5564c28ba94/transcript.csv
oakland,e84f028716bc,2023-06-27 18:30:00+00:00,* Public Works And Transportation Committee,other,https://councildataproject.org/oakland/#/events/4624548029e6?s=0,https://oakland.legistar1.com/oakland/meetings/2023/6/8913_M___Public_Works_And_Transportation_Committee_23-06-27_Meeting_Minutes.pdf,https://archive-video.granicus.com/oakland/oakland_23e19d15-a4cd-4305-a2e2-2d54d368ef56.mp4,/Users/evamaxfield/active/research/publicspeak/cdp-datasets/cdp-oakland-ba81c097/event-4624548029e6/session-e84f028716bc/transcript.csv
oakland,8fc230ade8f7,2022-02-10 18:30:00+00:00,*Rules & Legislation Committee,other,https://councildataproject.org/oakland/#/events/caec5958a5f8?s=0,https://oakland.legistar1.com/oakland/meetings/2022/2/8649_M__Rules___Legislation_Committee_22-02-10_Meeting_Minutes.pdf,https://storage.googleapis.com/download/storage/v1/b/cdp-oakland-ba81c097.appspot.com/o/fd5f2dec3024b005e554b13772ebec0daac028a00d64fd29138f9ed09dfdaa6b-video.mp4?alt=media,/Users/evamaxfield/active/research/publicspeak/cdp-datasets/cdp-oakland-ba81c097/event-caec5958a5f8/session-8fc230ade8f7/transcript.csv
oakland,5ba90e79d412,2020-12-08 21:30:00+00:00,*Special Life Enrichment Committee,other,https://councildataproject.org/oakland/#/events/a41dec24bfb3?s=0,https://oakland.legistar1.com/oakland/meetings/2020/12/8455_M__Special_Life_Enrichment_Committee_20-12-08_Meeting_Minutes.pdf,https://storage.googleapis.com/download/storage/v1/b/cdp-oakland-ba81c097.appspot.com/o/0436a478ca73e6e858d343e5c698aa227bc42b220e6bb70dba972e55fa1c58b6-video.mp4?alt=media,/Users/evamaxfield/active/research/publicspeak/cdp-datasets/cdp-oakland-ba81c097/event-a41dec24bfb3/session-5ba90e79d412/transcript.csv
oakland,363760c5a501,2022-03-22 17:30:00+00:00,*Special Public Works Committee,other,https://councildataproject.org/oakland/#/events/499f067f062b?s=0,https://oakland.legistar1.com/oakland/meetings/2022/3/8638_M__Special_Public_Works_Committee_22-03-22_Meeting_Minutes.pdf,https://storage.googleapis.com/download/storage/v1/b/cdp-oakland-ba81c097.appspot.com/o/7664fb088779e0eb586911aa9b23b0ef4ce010507b6f99724f062970f4fb4dc5-video.mp4?alt=media,/Users/evamaxfield/active/research/publicspeak/cdp-datasets/cdp-oakland-ba81c097/event-499f067f062b/session-363760c5a501/transcript.csv
oakland,48e698ff33ff,2020-01-30 18:45:00+00:00,*Rules & Legislation Committee,other,https://councildataproject.org/oakland/#/events/330f033a42ce?s=0,https://oakland.legistar1.com/oakland/meetings/2020/1/8344_M__Rules___Legislation_Committee_20-01-30_Meeting_Minutes.pdf,https://storage.googleapis.com/download/storage/v1/b/cdp-oakland-ba81c097.appspot.com/o/556f9ab814d7c396e2280ff3d0e6cc128c6da1e5bd8e4933cb734625fc9af7a4-video.mp4?alt=media,/Users/evamaxfield/active/research/publicspeak/cdp-datasets/cdp-oakland-ba81c097/event-330f033a42ce/session-48e698ff33ff/transcript.csv
oakland,f67cdc5dc75f,2021-12-08 01:30:00+00:00,"* Special Concurrent Meeting of the Oakland City Council, CPAB, SSOC, and Police Commission",other,https://councildataproject.org/oakland/#/events/583a8e55507e?s=0,https://oakland.legistar1.com/oakland/meetings/2021/12/8610_M___Special_Concurrent_Meeting_of_the_Oakland_City_Council%2C_CPAB%2C_SSOC%2C_and_Police_Commission_21-12-07_Meeting_Minutes.pdf,https://storage.googleapis.com/download/storage/v1/b/cdp-oakland-ba81c097.appspot.com/o/d7c681a55c28cc7ac88b09061aaa35de62dc9ba4a60e8676d0187ebdbed9250b-video.mp4?alt=media,/Users/evamaxfield/active/research/publicspeak/cdp-datasets/cdp-oakland-ba81c097/event-583a8e55507e/session-f67cdc5dc75f/transcript.csv
oakland,bd2d23bae1e5,2022-02-15 21:00:00+00:00,Special Concurrent Meeting of the Oakland Redevelopment Successor Agency/City Council,full council,https://councildataproject.org/oakland/#/events/f204c8b40644?s=0,https://oakland.legistar1.com/oakland/meetings/2022/2/8647_M_Special_Concurrent_Meeting_of_the_Oakland_Redevelopment_Successor_Agency_City_Council_22-02-15_Meeting_Minutes.pdf,https://storage.googleapis.com/download/storage/v1/b/cdp-oakland-ba81c097.appspot.com/o/c2e940ea4f23143003b14ba12a5b98b5dbf4450f798b444a201ec9c34d8c5dd5-video.mp4?alt=media,/Users/evamaxfield/active/research/publicspeak/cdp-datasets/cdp-oakland-ba81c097/event-f204c8b40644/session-bd2d23bae1e5/transcript.csv
oakland,7e763f5d9e2c,2022-05-24 20:00:00+00:00,*Special Community & Economic Development Committee,housing committee,https://councildataproject.org/oakland/#/events/13f9914a7268?s=0,https://oakland.legistar1.com/oakland/meetings/2022/5/8670_M__Special_Community___Economic_Development_Committee_22-05-24_Meeting_Minutes.pdf,https://storage.googleapis.com/download/storage/v1/b/cdp-oakland-ba81c097.appspot.com/o/1110323b4018566f7fe4bc8af198c060da15d6639d04367ae29d5090fd1154d6-video.mp4?alt=media,/Users/evamaxfield/active/research/publicspeak/cdp-datasets/cdp-oakland-ba81c097/event-13f9914a7268/session-7e763f5d9e2c/transcript.csv
oakland,206154593c5e,2023-04-25 20:30:00+00:00,*Community & Economic Development Committee,housing committee,https://councildataproject.org/oakland/#/events/de64e33c8248?s=0,https://oakland.legistar1.com/oakland/meetings/2023/4/8870_M__Community___Economic_Development_Committee_23-04-25_Meeting_Minutes.pdf,https://archive-video.granicus.com/oakland/oakland_0f66f887-97e0-4e78-8de3-343fe4fe6fea.mp4,/Users/evamaxfield/active/research/publicspeak/cdp-datasets/cdp-oakland-ba81c097/event-de64e33c8248/session-206154593c5e/transcript.csv
oakland,0e66fa4c81f5,2022-05-26 17:00:00+00:00,Special Concurrent Meeting of the Oakland Redevelopment Successor Agency/City Council,full council,https://councildataproject.org/oakland/#/events/0bfc7301e4a5?s=0,https://oakland.legistar1.com/oakland/meetings/2022/5/8701_M_Special_Concurrent_Meeting_of_the_Oakland_Redevelopment_Successor_Agency_City_Council_22-05-26_Meeting_Minutes.pdf,https://storage.googleapis.com/download/storage/v1/b/cdp-oakland-ba81c097.appspot.com/o/780f01a78e48ab8ac590b88662e542fc6863941ca0218b681ebdb831328615fa-video.mp4?alt=media,/Users/evamaxfield/active/research/publicspeak/cdp-datasets/cdp-oakland-ba81c097/event-0bfc7301e4a5/session-0e66fa4c81f5/transcript.csv
oakland,2f9097062289,2022-02-07 21:30:00+00:00,*Special Finance & Management Committee,other,https://councildataproject.org/oakland/#/events/b1f60dc02ef3?s=0,https://oakland.legistar1.com/oakland/meetings/2022/2/8634_M__Special_Finance___Management_Committee_22-02-07_Meeting_Minutes.pdf,https://storage.googleapis.com/download/storage/v1/b/cdp-oakland-ba81c097.appspot.com/o/be37800b0ab14dc75b2a692bb387402aac55c95caf47284f644cdb3bdfe73cec-video.mp4?alt=media,/Users/evamaxfield/active/research/publicspeak/cdp-datasets/cdp-oakland-ba81c097/event-b1f60dc02ef3/session-2f9097062289/transcript.csv
oakland,c788c6ebff48,2021-07-01 17:30:00+00:00,*Rules & Legislation Committee,other,https://councildataproject.org/oakland/#/events/05a59017e285?s=0,https://oakland.legistar1.com/oakland/meetings/2021/7/8560_M__Rules___Legislation_Committee_21-07-01_Meeting_Minutes.pdf,https://storage.googleapis.com/download/storage/v1/b/cdp-oakland-ba81c097.appspot.com/o/50c2b742641299951d10d8e16eaed7ecc99f38ea736a209f85ebe21bc2af7ff4-video.mp4?alt=media,/Users/evamaxfield/active/research/publicspeak/cdp-datasets/cdp-oakland-ba81c097/event-05a59017e285/session-c788c6ebff48/transcript.csv
oakland,69d4f15a876b,2022-09-12 17:30:00+00:00,Special Concurrent Meeting of the Oakland Redevelopment Successor Agency/City Council,full council,https://councildataproject.org/oakland/#/events/188d89d93c23?s=0,https://oakland.legistar1.com/oakland/meetings/2022/9/8727_M_Special_Concurrent_Meeting_of_the_Oakland_Redevelopment_Successor_Agency_City_Council_22-09-12_Meeting_Minutes.pdf,https://storage.googleapis.com/download/storage/v1/b/cdp-oakland-ba81c097.appspot.com/o/d31c4940de37870cb5a81f3ebe07e619e4e43a817eacaf18e8017168b4e91c22-video.mp4?alt=media,/Users/evamaxfield/active/research/publicspeak/cdp-datasets/cdp-oakland-ba81c097/event-188d89d93c23/session-69d4f15a876b/transcript.csv
oakland,43df4943ac91,2020-02-12 00:00:00+00:00,*Life Enrichment Committee,other,https://councildataproject.org/oakland/#/events/d1f246f90b22?s=0,https://oakland.legistar1.com/oakland/meetings/2020/2/8357_M__Life_Enrichment_Committee_20-02-11_Meeting_Minutes.pdf,https://archive-video.granicus.com/oakland/oakland_738ae550-6ea4-4972-8b99-6b063d9bd34c.mp4,/Users/evamaxfield/active/research/publicspeak/cdp-datasets/cdp-oakland-ba81c097/event-d1f246f90b22/session-43df4943ac91/transcript.csv
oakland,0be60cfec44c,2020-07-28 19:00:00+00:00,Special Concurrent Meeting of the Oakland Redevelopment Successor Agency/City Council,full council,https://councildataproject.org/oakland/#/events/c8af99191650?s=0,https://oakland.legistar1.com/oakland/meetings/2020/7/8413_M_Special_Concurrent_Meeting_of_the_Oakland_Redevelopment_Successor_Agency_City_Council_20-07-28_Meeting_Minutes.pdf,https://storage.googleapis.com/download/storage/v1/b/cdp-oakland-ba81c097.appspot.com/o/da0de044df5e469433de63b77b970645603eb5dc41d47b929f7fdc219c42b9d8-video.mp4?alt=media,/Users/evamaxfield/active/research/publicspeak/cdp-datasets/cdp-oakland-ba81c097/event-c8af99191650/session-0be60cfec44c/transcript.csv
oakland,5e4dcb4f6671,2022-03-29 20:30:00+00:00,Special Concurrent Meeting of the Oakland Redevelopment Successor Agency/City Council,full council,https://councildataproject.org/oakland/#/events/300d384beefc?s=0,https://oakland.legistar1.com/oakland/meetings/2022/3/8682_M_Special_Concurrent_Meeting_of_the_Oakland_Redevelopment_Successor_Agency_City_Council_22-03-29_Meeting_Minutes.pdf,https://storage.googleapis.com/download/storage/v1/b/cdp-oakland-ba81c097.appspot.com/o/7cd592b9c1c5836b5d5f23c90432c6bb63ca9df771c679181fdbce4fb28d7283-video.mp4?alt=media,/Users/evamaxfield/active/research/publicspeak/cdp-datasets/cdp-oakland-ba81c097/event-300d384beefc/session-5e4dcb4f6671/transcript.csv
oakland,cf500933185f,2020-04-07 18:00:00+00:00,Special Concurrent Meeting of the Oakland Redevelopment Successor Agency/City Council,full council,https://councildataproject.org/oakland/#/events/e4681423fce3?s=0,https://oakland.legistar1.com/oakland/meetings/2020/4/8391_M_Special_Concurrent_Meeting_of_the_Oakland_Redevelopment_Successor_Agency_City_Council_20-04-07_Meeting_Minutes.pdf,https://storage.googleapis.com/download/storage/v1/b/cdp-oakland-ba81c097.appspot.com/o/3749c01486cdbeb8b4dea32d960890c201923fcb3463e49e54a30a06cd3f0cd1-video.mp4?alt=media,/Users/evamaxfield/active/research/publicspeak/cdp-datasets/cdp-oakland-ba81c097/event-e4681423fce3/session-cf500933185f/transcript.csv
oakland,dd70c683626b,2023-04-13 17:30:00+00:00,*Rules & Legislation Committee,other,https://councildataproject.org/oakland/#/events/13aa846ef3a9?s=0,https://oakland.legistar1.com/oakland/meetings/2023/4/8859_M__Rules___Legislation_Committee_23-04-13_Meeting_Minutes.pdf,https://archive-video.granicus.com/oakland/oakland_075fbad2-9b22-4559-8fed-6abfdd4c00b3.mp4,/Users/evamaxfield/active/research/publicspeak/cdp-datasets/cdp-oakland-ba81c097/event-13aa846ef3a9/session-dd70c683626b/transcript.csv
oakland,c03330bc7033,2020-01-14 17:30:00+00:00,Concurrent Meeting of the Oakland Redevelopment Successor Agency and Finance and Management Committee,other,https://councildataproject.org/oakland/#/events/2f47b46ac32c?s=0,https://oakland.legistar1.com/oakland/meetings/2020/1/8334_M_Concurrent_Meeting_of_the_Oakland_Redevelopment_Successor_Agency_and_Finance_and_Management_Committee_20-01-14_Meeting_Minutes.pdf,https://archive-video.granicus.com/oakland/oakland_e9b08c27-97c2-4fc2-95a1-9d2bf90a4e95.mp4,/Users/evamaxfield/active/research/publicspeak/cdp-datasets/cdp-oakland-ba81c097/event-2f47b46ac32c/session-c03330bc7033/transcript.csv
oakland,60ec6e138395,2020-10-27 20:30:00+00:00,*Community & Economic Development Committee,housing committee,https://councildataproject.org/oakland/#/events/19f9907ceb83?s=0,https://oakland.legistar1.com/oakland/meetings/2020/10/8436_M__Community___Economic_Development_Committee_20-10-27_Meeting_Minutes.pdf,https://storage.googleapis.com/download/storage/v1/b/cdp-oakland-ba81c097.appspot.com/o/722fa44efaad0824d9cceb202d5173c244ef32f8f3b290ed8dcf43cc7aa0a81a-video.mp4?alt=media,/Users/evamaxfield/active/research/publicspeak/cdp-datasets/cdp-oakland-ba81c097/event-19f9907ceb83/session-60ec6e138395/transcript.csv
oakland,c4784619780b,2021-03-04 18:30:00+00:00,*Rules & Legislation Committee,other,https://councildataproject.org/oakland/#/events/9da16d06de62?s=0,https://oakland.legistar1.com/oakland/meetings/2021/3/8485_M__Rules___Legislation_Committee_21-03-04_Meeting_Minutes.pdf,https://storage.googleapis.com/download/storage/v1/b/cdp-oakland-ba81c097.appspot.com/o/c20ba67a7c3a1523cb965b623db588649398d3ac4a1d075716cfc22293498c4c-video.mp4?alt=media,/Users/evamaxfield/active/research/publicspeak/cdp-datasets/cdp-oakland-ba81c097/event-9da16d06de62/session-c4784619780b/transcript.csv
oakland,8adccbd08625,2022-10-04 17:00:00+00:00,Special Concurrent Meeting of the Oakland Redevelopment Successor Agency/City Council,full council,https://councildataproject.org/oakland/#/events/9ff334b53362?s=0,https://oakland.legistar1.com/oakland/meetings/2022/10/8734_M_Special_Concurrent_Meeting_of_the_Oakland_Redevelopment_Successor_Agency_City_Council_22-10-04_Meeting_Minutes.pdf,https://storage.googleapis.com/download/storage/v1/b/cdp-oakland-ba81c097.appspot.com/o/d8b48a8e6878891f4de848c17a992995229b9c4997f25c1ffe12ed7697de8b54-video.mp4?alt=media,/Users/evamaxfield/active/research/publicspeak/cdp-datasets/cdp-oakland-ba81c097/event-9ff334b53362/session-8adccbd08625/transcript.csv
oakland,53a4554cfb87,2021-04-27 20:30:00+00:00,*Community & Economic Development Committee,housing committee,https://councildataproject.org/oakland/#/events/bbf8a0c20ebe?s=0,https://oakland.legistar1.com/oakland/meetings/2021/4/8488_M__Community___Economic_Development_Committee_21-04-27_Meeting_Minutes.pdf,https://storage.googleapis.com/download/storage/v1/b/cdp-oakland-ba81c097.appspot.com/o/34905428874ad39d9a679018a96c1971de9b79a886054a8d2a301ab3ef90a3c4-video.mp4?alt=media,/Users/evamaxfield/active/research/publicspeak/cdp-datasets/cdp-oakland-ba81c097/event-bbf8a0c20ebe/session-53a4554cfb87/transcript.csv
oakland,278521ce3f11,2023-04-10 17:00:00+00:00,* Special Public Works And Transportation Committee,other,https://councildataproject.org/oakland/#/events/11a581935ba5?s=0,https://oakland.legistar1.com/oakland/meetings/2023/4/8862_M___Special_Public_Works_And_Transportation_Committee_23-04-10_Meeting_Minutes.pdf,https://archive-video.granicus.com/oakland/oakland_ec5b2d63-cb45-403e-a363-980115d068e4.mp4,/Users/evamaxfield/active/research/publicspeak/cdp-datasets/cdp-oakland-ba81c097/event-11a581935ba5/session-278521ce3f11/transcript.csv
oakland,b9b0786cbb71,2023-02-27 18:30:00+00:00,*Finance & Management Committee,other,https://councildataproject.org/oakland/#/events/0847b25cd208?s=0,https://oakland.legistar1.com/oakland/meetings/2023/2/8826_M__Finance___Management_Committee_23-02-27_Meeting_Minutes.pdf,https://archive-video.granicus.com/oakland/oakland_2fae8024-6cf5-4ebc-9117-d756021905b3.mp4,/Users/evamaxfield/active/research/publicspeak/cdp-datasets/cdp-oakland-ba81c097/event-0847b25cd208/session-b9b0786cbb71/transcript.csv
oakland,f4fa39725967,2021-02-18 18:30:00+00:00,*Rules & Legislation Committee,other,https://councildataproject.org/oakland/#/events/e279c52b48f8?s=0,https://oakland.legistar1.com/oakland/meetings/2021/2/8477_M__Rules___Legislation_Committee_21-02-18_Meeting_Minutes.pdf,https://storage.googleapis.com/download/storage/v1/b/cdp-oakland-ba81c097.appspot.com/o/2a792bd687222a499fd8075426aa585e86d7b7c5050f92877200ddb4214bcc30-video.mp4?alt=media,/Users/evamaxfield/active/research/publicspeak/cdp-datasets/cdp-oakland-ba81c097/event-e279c52b48f8/session-f4fa39725967/transcript.csv
oakland,1d95836dbbb5,2020-02-05 21:00:00+00:00,*Special Finance & Management Committee,other,https://councildataproject.org/oakland/#/events/072ff0da3001?s=0,https://oakland.legistar1.com/oakland/meetings/2020/2/8359_M__Special_Finance___Management_Committee_20-02-05_Meeting_Minutes.pdf,https://storage.googleapis.com/download/storage/v1/b/cdp-oakland-ba81c097.appspot.com/o/85cab3e68a547bf2d993d83f4cf399f5d0fb65059488f9929ce0128cef5e53a6-video.mp4?alt=media,/Users/evamaxfield/active/research/publicspeak/cdp-datasets/cdp-oakland-ba81c097/event-072ff0da3001/session-1d95836dbbb5/transcript.csv
oakland,3e28ce46756e,2023-06-27 20:30:00+00:00,*Community & Economic Development Committee,housing committee,https://councildataproject.org/oakland/#/events/021aa6e79322?s=0,https://oakland.legistar1.com/oakland/meetings/2023/6/8914_M__Community___Economic_Development_Committee_23-06-27_Meeting_Minutes.pdf,https://archive-video.granicus.com/oakland/oakland_db21c2e5-8bf3-4453-b7b6-33c629168e31.mp4,/Users/evamaxfield/active/research/publicspeak/cdp-datasets/cdp-oakland-ba81c097/event-021aa6e79322/session-3e28ce46756e/transcript.csv
oakland,5631cb398b0d,2020-10-15 17:30:00+00:00,*Rules & Legislation Committee,other,https://councildataproject.org/oakland/#/events/ff9bcfbd39e7?s=0,https://oakland.legistar1.com/oakland/meetings/2020/10/8434_M__Rules___Legislation_Committee_20-10-15_Meeting_Minutes.pdf,https://storage.googleapis.com/download/storage/v1/b/cdp-oakland-ba81c097.appspot.com/o/8bf8ea4be0c89d08461aea10080f5e358d302918c20404946af94d5df6d5d55a-video.mp4?alt=media,/Users/evamaxfield/active/research/publicspeak/cdp-datasets/cdp-oakland-ba81c097/event-ff9bcfbd39e7/session-5631cb398b0d/transcript.csv
oakland,9c111c164143,2020-06-09 18:30:00+00:00,Special Concurrent Meeting of the Oakland Redevelopment Successor Agency/City Council,full council,https://councildataproject.org/oakland/#/events/7bbd70b4b8ac?s=0,https://oakland.legistar1.com/oakland/meetings/2020/6/8405_M_Special_Concurrent_Meeting_of_the_Oakland_Redevelopment_Successor_Agency_City_Council_20-06-09_Meeting_Minutes.pdf,https://storage.googleapis.com/download/storage/v1/b/cdp-oakland-ba81c097.appspot.com/o/084b4e0b8959590e96779a2b4b78eda1ebc4bfb57a71e24df54e9a9b3568f0dc-video.mp4?alt=media,/Users/evamaxfield/active/research/publicspeak/cdp-datasets/cdp-oakland-ba81c097/event-7bbd70b4b8ac/session-9c111c164143/transcript.csv
oakland,669b4a236ee3,2022-05-31 20:30:00+00:00,Special Concurrent Meeting of the Oakland Redevelopment Successor Agency/City Council,full council,https://councildataproject.org/oakland/#/events/8105b755c42c?s=0,https://oakland.legistar1.com/oakland/meetings/2022/5/8702_M_Special_Concurrent_Meeting_of_the_Oakland_Redevelopment_Successor_Agency_City_Council_22-05-31_Meeting_Minutes.pdf,https://storage.googleapis.com/download/storage/v1/b/cdp-oakland-ba81c097.appspot.com/o/7477f79a2abed3bfdefdf164cf34fd4cca6a1469a17258da59d2bd3d91d556b2-video.mp4?alt=media,/Users/evamaxfield/active/research/publicspeak/cdp-datasets/cdp-oakland-ba81c097/event-8105b755c42c/session-669b4a236ee3/transcript.csv
oakland,65860ce8a978,2021-04-15 17:30:00+00:00,*Rules & Legislation Committee,other,https://councildataproject.org/oakland/#/events/3b284ab62a16?s=0,https://oakland.legistar1.com/oakland/meetings/2021/4/8520_M__Rules___Legislation_Committee_21-04-15_Meeting_Minutes.pdf,https://storage.googleapis.com/download/storage/v1/b/cdp-oakland-ba81c097.appspot.com/o/ba32ac9871f9a6a240a2649efa9656a58e5ed0cc2ef199517302f94e516cf268-video.mp4?alt=media,/Users/evamaxfield/active/research/publicspeak/cdp-datasets/cdp-oakland-ba81c097/event-3b284ab62a16/session-65860ce8a978/transcript.csv
oakland,adf56d9e697a,2022-06-13 16:30:00+00:00,*Finance & Management Committee,other,https://councildataproject.org/oakland/#/events/aa6d2b5ece69?s=0,https://oakland.legistar1.com/oakland/meetings/2022/6/8695_M__Finance___Management_Committee_22-06-13_Meeting_Minutes.pdf,https://storage.googleapis.com/download/storage/v1/b/cdp-oakland-ba81c097.appspot.com/o/31b4c5dcd24e693a896d9b8dd48afca5fe228d3d0d8967bc1c27b00fe0db7a41-video.mp4?alt=media,/Users/evamaxfield/active/research/publicspeak/cdp-datasets/cdp-oakland-ba81c097/event-aa6d2b5ece69/session-adf56d9e697a/transcript.csv
oakland,305206111329,2020-02-19 01:30:00+00:00,* Concurrent Meeting of the Oakland Redevelopment Successor Agency and the City Council,full council,https://councildataproject.org/oakland/#/events/353a41c50b49?s=0,https://oakland.legistar1.com/oakland/meetings/2020/2/8360_M___Concurrent_Meeting_of_the_Oakland_Redevelopment_Successor_Agency_and_the_City_Council_20-02-18_Meeting_Minutes.pdf,https://storage.googleapis.com/download/storage/v1/b/cdp-oakland-ba81c097.appspot.com/o/d39d313bb1c960e34192c876c104ed89850b7ee3e0dcf28bcf77e1d5ec5fa491-video.mp4?alt=media,/Users/evamaxfield/active/research/publicspeak/cdp-datasets/cdp-oakland-ba81c097/event-353a41c50b49/session-305206111329/transcript.csv
oakland,45823415fad8,2022-10-13 17:30:00+00:00,*Rules & Legislation Committee,other,https://councildataproject.org/oakland/#/events/79f5b3c81ee7?s=0,https://oakland.legistar1.com/oakland/meetings/2022/10/8742_M__Rules___Legislation_Committee_22-10-13_Meeting_Minutes.pdf,https://storage.googleapis.com/download/storage/v1/b/cdp-oakland-ba81c097.appspot.com/o/11fd8786faa35a9c428ab907dca4c61f42eb0b62dbf970fec0c6dc17dcc9801d-video.mp4?alt=media,/Users/evamaxfield/active/research/publicspeak/cdp-datasets/cdp-oakland-ba81c097/event-79f5b3c81ee7/session-45823415fad8/transcript.csv
oakland,362390ef8e0e,2020-12-01 21:30:00+00:00,* Concurrent Meeting of the Oakland Redevelopment Successor Agency and the City Council,full council,https://councildataproject.org/oakland/#/events/e76461405d74?s=0,https://oakland.legistar1.com/oakland/meetings/2020/12/8453_M___Concurrent_Meeting_of_the_Oakland_Redevelopment_Successor_Agency_and_the_City_Council_20-12-01_Meeting_Minutes.pdf,https://storage.googleapis.com/download/storage/v1/b/cdp-oakland-ba81c097.appspot.com/o/a0266554c60fb019cf9c4769431f1dad6f9a7cceb4c22129a7b01859707b7594-video.mp4?alt=media,/Users/evamaxfield/active/research/publicspeak/cdp-datasets/cdp-oakland-ba81c097/event-e76461405d74/session-362390ef8e0e/transcript.csv
oakland,7d128ea544d6,2020-07-31 16:00:00+00:00,Special Concurrent Meeting of the Oakland Redevelopment Successor Agency/City Council,full council,https://councildataproject.org/oakland/#/events/640ddc7b2cac?s=0,https://oakland.legistar1.com/oakland/meetings/2020/7/8418_M_Special_Concurrent_Meeting_of_the_Oakland_Redevelopment_Successor_Agency_City_Council_20-07-31_Meeting_Minutes.pdf,https://storage.googleapis.com/download/storage/v1/b/cdp-oakland-ba81c097.appspot.com/o/30b08ac839885f11a8ac33153ff7cdf4e15f8e2f9ab9bc1ecfc1f4f20b8a58d5-video.mp4?alt=media,/Users/evamaxfield/active/research/publicspeak/cdp-datasets/cdp-oakland-ba81c097/event-640ddc7b2cac/session-7d128ea544d6/transcript.csv
oakland,2b9d1c8087e0,2021-01-25 21:30:00+00:00,*Special Finance & Management Committee,other,https://councildataproject.org/oakland/#/events/e29901720d59?s=0,https://oakland.legistar1.com/oakland/meetings/2021/1/8468_M__Special_Finance___Management_Committee_21-01-25_Meeting_Minutes.pdf,https://storage.googleapis.com/download/storage/v1/b/cdp-oakland-ba81c097.appspot.com/o/2f50a90314c02686ebe63b31aedf6bb31ca1a9fda9f519af536a59f5e7d471f2-video.mp4?alt=media,/Users/evamaxfield/active/research/publicspeak/cdp-datasets/cdp-oakland-ba81c097/event-e29901720d59/session-2b9d1c8087e0/transcript.csv
oakland,5ac7c6936512,2020-06-23 19:00:00+00:00,Special Concurrent Meeting of the Oakland Redevelopment Successor Agency/City Council,full council,https://councildataproject.org/oakland/#/events/38e64cbf6ecd?s=0,https://oakland.legistar1.com/oakland/meetings/2020/6/8412_M_Special_Concurrent_Meeting_of_the_Oakland_Redevelopment_Successor_Agency_City_Council_20-06-23_Meeting_Minutes.pdf,https://storage.googleapis.com/download/storage/v1/b/cdp-oakland-ba81c097.appspot.com/o/df126aed9a2146598158245a0aa42d2680c905db8b363842ab933afe01cd4c25-video.mp4?alt=media,/Users/evamaxfield/active/research/publicspeak/cdp-datasets/cdp-oakland-ba81c097/event-38e64cbf6ecd/session-5ac7c6936512/transcript.csv
oakland,cf8c4f80615b,2020-01-29 00:00:00+00:00,*Life Enrichment Committee,other,https://councildataproject.org/oakland/#/events/957bd2cf60b4?s=0,,https://storage.googleapis.com/download/storage/v1/b/cdp-oakland-ba81c097.appspot.com/o/fc7bcaed7251a2b3f57c743e1eae3266fef226dc737af88631751b53605631ba-video.mp4?alt=media,/Users/evamaxfield/active/research/publicspeak/cdp-datasets/cdp-oakland-ba81c097/event-957bd2cf60b4/session-cf8c4f80615b/transcript.csv
oakland,9cbccf9062ce,2020-12-03 18:30:00+00:00,*Rules & Legislation Committee,other,https://councildataproject.org/oakland/#/events/cbd481ac3228?s=0,https://oakland.legistar1.com/oakland/meetings/2020/12/8454_M__Rules___Legislation_Committee_20-12-03_Meeting_Minutes.pdf,https://storage.googleapis.com/download/storage/v1/b/cdp-oakland-ba81c097.appspot.com/o/4a607e3b9525fafff737e40f9820d30f1a5ee9a9645756191c34e7082eccac72-video.mp4?alt=media,/Users/evamaxfield/active/research/publicspeak/cdp-datasets/cdp-oakland-ba81c097/event-cbd481ac3228/session-9cbccf9062ce/transcript.csv
oakland,1540b4404f96,2022-09-15 17:30:00+00:00,*Rules & Legislation Committee,other,https://councildataproject.org/oakland/#/events/7bfbd1599c73?s=0,https://oakland.legistar1.com/oakland/meetings/2022/9/8732_M__Rules___Legislation_Committee_22-09-15_Meeting_Minutes.pdf,https://storage.googleapis.com/download/storage/v1/b/cdp-oakland-ba81c097.appspot.com/o/dfaf16c959eb51c6da49d0d259ae10b30c6e2844ac50202dbeeaded52c4470a9-video.mp4?alt=media,/Users/evamaxfield/active/research/publicspeak/cdp-datasets/cdp-oakland-ba81c097/event-7bfbd1599c73/session-1540b4404f96/transcript.csv
oakland,f779089cb37b,2021-12-16 18:30:00+00:00,*Rules & Legislation Committee,other,https://councildataproject.org/oakland/#/events/87c07a505f7d?s=0,https://oakland.legistar1.com/oakland/meetings/2021/12/8621_M__Rules___Legislation_Committee_21-12-16_Meeting_Minutes.pdf,https://storage.googleapis.com/download/storage/v1/b/cdp-oakland-ba81c097.appspot.com/o/c73dc9b5253574791291b6e1fae58336a589b4025e8f799298f6c8c80b03a737-video.mp4?alt=media,/Users/evamaxfield/active/research/publicspeak/cdp-datasets/cdp-oakland-ba81c097/event-87c07a505f7d/session-f779089cb37b/transcript.csv
oakland,d0a9aa69ba27,2021-03-29 20:00:00+00:00,Special Concurrent Meeting of the Oakland Redevelopment Successor Agency/City Council,full council,https://councildataproject.org/oakland/#/events/cac87ea40724?s=0,https://oakland.legistar1.com/oakland/meetings/2021/3/8499_M_Special_Concurrent_Meeting_of_the_Oakland_Redevelopment_Successor_Agency_City_Council_21-03-29_Meeting_Minutes.pdf,https://storage.googleapis.com/download/storage/v1/b/cdp-oakland-ba81c097.appspot.com/o/0f27b75f2fffa9c56f7a861b8835212925a90548029141330ad1d116f234853c-video.mp4?alt=media,/Users/evamaxfield/active/research/publicspeak/cdp-datasets/cdp-oakland-ba81c097/event-cac87ea40724/session-d0a9aa69ba27/transcript.csv
oakland,6f4b801b330b,2021-02-23 21:30:00+00:00,*Community & Economic Development Committee,housing committee,https://councildataproject.org/oakland/#/events/40868c0ce982?s=0,https://oakland.legistar1.com/oakland/meetings/2021/2/8480_M__Community___Economic_Development_Committee_21-02-23_Meeting_Minutes.pdf,https://storage.googleapis.com/download/storage/v1/b/cdp-oakland-ba81c097.appspot.com/o/0743a99506a8e6b1bb9c1731e3f6ffc6c3143657bcd8cb2d21a036c4e0fe943a-video.mp4?alt=media,/Users/evamaxfield/active/research/publicspeak/cdp-datasets/cdp-oakland-ba81c097/event-40868c0ce982/session-6f4b801b330b/transcript.csv
oakland,a1ff4bd3d11a,2020-02-12 02:00:00+00:00,*Public Safety Committee,other,https://councildataproject.org/oakland/#/events/4d2c2a60470a?s=0,https://oakland.legistar1.com/oakland/meetings/2020/2/8355_M__Public_Safety_Committee_20-02-11_Meeting_Minutes.pdf,https://storage.googleapis.com/download/storage/v1/b/cdp-oakland-ba81c097.appspot.com/o/7c45a5ddb53673604a811c98f3460ba3fbd4361253d85b2cc36ac8f7df373458-video.mp4?alt=media,/Users/evamaxfield/active/research/publicspeak/cdp-datasets/cdp-oakland-ba81c097/event-4d2c2a60470a/session-a1ff4bd3d11a/transcript.csv
oakland,27a0576ee1ad,2021-05-18 20:30:00+00:00,Concurrent Meeting of the Oakland Redevelopment Successor Agency / City Council / Geologic Hazard Abatement District Board,full council,https://councildataproject.org/oakland/#/events/d1e304c96bd7?s=0,https://oakland.legistar1.com/oakland/meetings/2021/5/8536_M_Concurrent_Meeting_of_the_Oakland_Redevelopment_Successor_Agency___City_Council___Geologic_Hazard_Abatement_District_Board_21-05-18_Meeting_Minutes.pdf,https://storage.googleapis.com/download/storage/v1/b/cdp-oakland-ba81c097.appspot.com/o/73c9fe53e8e254c8e50ff0609c8d1eb7737949a76b48e3089668f8bf989508c8-video.mp4?alt=media,/Users/evamaxfield/active/research/publicspeak/cdp-datasets/cdp-oakland-ba81c097/event-d1e304c96bd7/session-27a0576ee1ad/transcript.csv
oakland,86c18cb03e18,2023-03-28 16:30:00+00:00,*Finance & Management Committee,other,https://councildataproject.org/oakland/#/events/55f8eb3e02df?s=0,https://oakland.legistar1.com/oakland/meetings/2023/3/8844_M__Finance___Management_Committee_23-03-28_Meeting_Minutes.pdf,https://archive-video.granicus.com/oakland/oakland_7ed0391e-02a5-436f-8f35-4e6ba6fdbd5a.mp4,/Users/evamaxfield/active/research/publicspeak/cdp-datasets/cdp-oakland-ba81c097/event-55f8eb3e02df/session-86c18cb03e18/transcript.csv
oakland,1a8a78da9c02,2022-04-14 17:30:00+00:00,*Rules & Legislation Committee,other,https://councildataproject.org/oakland/#/events/4dabc6e459cc?s=0,https://oakland.legistar1.com/oakland/meetings/2022/4/8673_M__Rules___Legislation_Committee_22-04-14_Meeting_Minutes.pdf,https://storage.googleapis.com/download/storage/v1/b/cdp-oakland-ba81c097.appspot.com/o/1cde6b831e505286d1614a7c9de160421bff49ec4a49ceeeeac6b67e7e4777ff-video.mp4?alt=media,/Users/evamaxfield/active/research/publicspeak/cdp-datasets/cdp-oakland-ba81c097/event-4dabc6e459cc/session-1a8a78da9c02/transcript.csv
oakland,63423e04c986,2022-04-26 17:30:00+00:00,*Special Public Works Committee,other,https://councildataproject.org/oakland/#/events/5b2449d92777?s=0,https://oakland.legistar1.com/oakland/meetings/2022/4/8674_M__Special_Public_Works_Committee_22-04-26_Meeting_Minutes.pdf,https://storage.googleapis.com/download/storage/v1/b/cdp-oakland-ba81c097.appspot.com/o/0073fa006e88f1aa7463b8c5fa58d58ef3b66492dbea2a5bf02496cbf6233675-video.mp4?alt=media,/Users/evamaxfield/active/research/publicspeak/cdp-datasets/cdp-oakland-ba81c097/event-5b2449d92777/session-63423e04c986/transcript.csv
oakland,aeeea8a2e2cd,2022-05-12 17:30:00+00:00,*Rules & Legislation Committee,other,https://councildataproject.org/oakland/#/events/50752e36deb7?s=0,https://oakland.legistar1.com/oakland/meetings/2022/5/8679_M__Rules___Legislation_Committee_22-05-12_Meeting_Minutes.pdf,https://storage.googleapis.com/download/storage/v1/b/cdp-oakland-ba81c097.appspot.com/o/629c23284a136641c95128110922abcd14162a830ce19eafa088ff50b0868b49-video.mp4?alt=media,/Users/evamaxfield/active/research/publicspeak/cdp-datasets/cdp-oakland-ba81c097/event-50752e36deb7/session-aeeea8a2e2cd/transcript.csv
oakland,065559be3448,2023-07-11 18:30:00+00:00,* Public Works And Transportation Committee,other,https://councildataproject.org/oakland/#/events/8efb3217af73?s=0,https://oakland.legistar1.com/oakland/meetings/2023/7/8927_M___Public_Works_And_Transportation_Committee_23-07-11_Meeting_Minutes.pdf,https://archive-video.granicus.com/oakland/oakland_7e025b2e-f9c8-4c6a-807c-8d70cf0e4ccd.mp4,/Users/evamaxfield/active/research/publicspeak/cdp-datasets/cdp-oakland-ba81c097/event-8efb3217af73/session-065559be3448/transcript.csv
oakland,fc88435b1f70,2020-02-12 00:00:00+00:00,*Life Enrichment Committee,other,https://councildataproject.org/oakland/#/events/d1f246f90b22?s=0,https://oakland.legistar1.com/oakland/meetings/2020/2/8357_M__Life_Enrichment_Committee_20-02-11_Meeting_Minutes.pdf,https://storage.googleapis.com/download/storage/v1/b/cdp-oakland-ba81c097.appspot.com/o/9c321c777e6de94715bccd07207d6cc69526d2100f9cab68eddeeb92c25a57c3-video.mp4?alt=media,/Users/evamaxfield/active/research/publicspeak/cdp-datasets/cdp-oakland-ba81c097/event-d1f246f90b22/session-fc88435b1f70/transcript.csv
oakland,253792da4818,2020-02-25 17:30:00+00:00,*Finance & Management Committee,other,https://councildataproject.org/oakland/#/events/8186d1da2465?s=0,https://oakland.legistar1.com/oakland/meetings/2020/2/8362_M__Finance___Management_Committee_20-02-25_Meeting_Minutes.pdf,https://archive-video.granicus.com/oakland/oakland_f45bd08f-a513-44a7-bfd2-91f609bd83f6.mp4,/Users/evamaxfield/active/research/publicspeak/cdp-datasets/cdp-oakland-ba81c097/event-8186d1da2465/session-253792da4818/transcript.csv
oakland,b8e726c48329,2022-01-25 00:30:00+00:00,Special Concurrent Meeting of the Education Partnership Committee and the Oakland Unified School District Board of Education,other,https://councildataproject.org/oakland/#/events/5a35a3b9855e?s=0,,https://storage.googleapis.com/download/storage/v1/b/cdp-oakland-ba81c097.appspot.com/o/6515ffc4be8fba7b35e7c076eb939dd48fae29d0c0474873cda70f8d3693f1b2-video.mp4?alt=media,/Users/evamaxfield/active/research/publicspeak/cdp-datasets/cdp-oakland-ba81c097/event-5a35a3b9855e/session-b8e726c48329/transcript.csv
oakland,270600240eaf,2022-01-25 21:30:00+00:00,*Public Works Committee,other,https://councildataproject.org/oakland/#/events/e310eb659330?s=0,https://oakland.legistar1.com/oakland/meetings/2022/1/8636_M__Public_Works_Committee_22-01-25_Meeting_Minutes.pdf,https://storage.googleapis.com/download/storage/v1/b/cdp-oakland-ba81c097.appspot.com/o/9517ac03285f1652646aa86c2c556291b91e0e413373865b0b1099a98d476945-video.mp4?alt=media,/Users/evamaxfield/active/research/publicspeak/cdp-datasets/cdp-oakland-ba81c097/event-e310eb659330/session-270600240eaf/transcript.csv
oakland,37d9fbc2dddb,2020-10-01 17:30:00+00:00,*Rules & Legislation Committee,other,https://councildataproject.org/oakland/#/events/6382d6e67a82?s=0,https://oakland.legistar1.com/oakland/meetings/2020/10/8427_M__Rules___Legislation_Committee_20-10-01_Meeting_Minutes.pdf,https://storage.googleapis.com/download/storage/v1/b/cdp-oakland-ba81c097.appspot.com/o/26454b9a0852c77b6d6446755a3647ca5b12969fe957221e13c07ae6539bf35b-video.mp4?alt=media,/Users/evamaxfield/active/research/publicspeak/cdp-datasets/cdp-oakland-ba81c097/event-6382d6e67a82/session-37d9fbc2dddb/transcript.csv
oakland,665c49a5c41d,2020-10-20 20:30:00+00:00,* Concurrent Meeting of the Oakland Redevelopment Successor Agency and the City Council,full council,https://councildataproject.org/oakland/#/events/f89273743c95?s=0,https://oakland.legistar1.com/oakland/meetings/2020/10/8435_M___Concurrent_Meeting_of_the_Oakland_Redevelopment_Successor_Agency_and_the_City_Council_20-10-20_Meeting_Minutes.pdf,https://storage.googleapis.com/download/storage/v1/b/cdp-oakland-ba81c097.appspot.com/o/082ac8b9bbc3aba80658ccb7fa98ab0b31968df8ca99b8826dd875df3495f105-video.mp4?alt=media,/Users/evamaxfield/active/research/publicspeak/cdp-datasets/cdp-oakland-ba81c097/event-f89273743c95/session-665c49a5c41d/transcript.csv
oakland,990de9e8281b,2021-11-02 20:30:00+00:00,* Concurrent Meeting of the Oakland Redevelopment Successor Agency and the City Council,full council,https://councildataproject.org/oakland/#/events/08b5aa9427dc?s=0,https://oakland.legistar1.com/oakland/meetings/2021/11/8602_M___Concurrent_Meeting_of_the_Oakland_Redevelopment_Successor_Agency_and_the_City_Council_21-11-02_Meeting_Minutes.pdf,https://storage.googleapis.com/download/storage/v1/b/cdp-oakland-ba81c097.appspot.com/o/5344fb66d3326d3cd57ea9a9f8246d55fc3d5edbd8ca93f8733e22d7fdeb4e21-video.mp4?alt=media,/Users/evamaxfield/active/research/publicspeak/cdp-datasets/cdp-oakland-ba81c097/event-08b5aa9427dc/session-990de9e8281b/transcript.csv
oakland,c6020f9288aa,2021-04-19 20:30:00+00:00,*Special Public Works Committee,other,https://councildataproject.org/oakland/#/events/14ef1c7cc350?s=0,https://oakland.legistar1.com/oakland/meetings/2021/4/8519_M__Special_Public_Works_Committee_21-04-19_Meeting_Minutes.pdf,https://storage.googleapis.com/download/storage/v1/b/cdp-oakland-ba81c097.appspot.com/o/677d63f892992d4c060f6ada142d78e6aa683081c81c4f0152421ca8cb11f3e3-video.mp4?alt=media,/Users/evamaxfield/active/research/publicspeak/cdp-datasets/cdp-oakland-ba81c097/event-14ef1c7cc350/session-c6020f9288aa/transcript.csv
oakland,6e8e3394a044,2020-02-11 17:30:00+00:00,*Finance & Management Committee,other,https://councildataproject.org/oakland/#/events/8ea9ed17d19e?s=0,https://oakland.legistar1.com/oakland/meetings/2020/2/8353_M__Finance___Management_Committee_20-02-11_Meeting_Minutes.pdf,https://archive-video.granicus.com/oakland/oakland_a63cd5bd-ded2-48a2-8b1b-c841c60009c7.mp4,/Users/evamaxfield/active/research/publicspeak/cdp-datasets/cdp-oakland-ba81c097/event-8ea9ed17d19e/session-6e8e3394a044/transcript.csv
oakland,7688c8f80621,2021-11-04 17:30:00+00:00,*Rules & Legislation Committee,other,https://councildataproject.org/oakland/#/events/50b4c55eb4cf?s=0,https://oakland.legistar1.com/oakland/meetings/2021/11/8603_M__Rules___Legislation_Committee_21-11-04_Meeting_Minutes.pdf,https://storage.googleapis.com/download/storage/v1/b/cdp-oakland-ba81c097.appspot.com/o/0378a4766a155784b3295549e989802e56802e5ecadcc48764e5636da87b156e-video.mp4?alt=media,/Users/evamaxfield/active/research/publicspeak/cdp-datasets/cdp-oakland-ba81c097/event-50b4c55eb4cf/session-7688c8f80621/transcript.csv
oakland,f5b28ab6c49f,2022-02-08 21:30:00+00:00,*Public Safety Committee,other,https://councildataproject.org/oakland/#/events/28b146a64c54?s=0,https://oakland.legistar1.com/oakland/meetings/2022/2/8645_M__Public_Safety_Committee_22-02-08_Meeting_Minutes.pdf,https://storage.googleapis.com/download/storage/v1/b/cdp-oakland-ba81c097.appspot.com/o/742a8b1e044c3d3255afa6d9ed944ab0ca5f0bdaf5e17ea78dece285b3673a31-video.mp4?alt=media,/Users/evamaxfield/active/research/publicspeak/cdp-datasets/cdp-oakland-ba81c097/event-28b146a64c54/session-f5b28ab6c49f/transcript.csv
oakland,37f230e995b5,2021-10-25 20:30:00+00:00,*Special Public Works Committee,other,https://councildataproject.org/oakland/#/events/117604d34ec6?s=0,https://oakland.legistar1.com/oakland/meetings/2021/10/8605_M__Special_Public_Works_Committee_21-10-25_Meeting_Minutes.pdf,https://storage.googleapis.com/download/storage/v1/b/cdp-oakland-ba81c097.appspot.com/o/e694693a46ece0c6b1183739207c5cf66461f077e18bb69da92c83eead69bf65-video.mp4?alt=media,/Users/evamaxfield/active/research/publicspeak/cdp-datasets/cdp-oakland-ba81c097/event-117604d34ec6/session-37f230e995b5/transcript.csv
oakland,8ed2d835ef2b,2021-12-13 22:00:00+00:00,*Special Life Enrichment Committee,other,https://councildataproject.org/oakland/#/events/385fdc35083b?s=0,https://oakland.legistar1.com/oakland/meetings/2021/12/8624_M__Special_Life_Enrichment_Committee_21-12-13_Meeting_Minutes.pdf,https://storage.googleapis.com/download/storage/v1/b/cdp-oakland-ba81c097.appspot.com/o/15514c1b3cb739654bdcf6a54d809b87e2f65c39b0a412546e1e0a41d3c58a55-video.mp4?alt=media,/Users/evamaxfield/active/research/publicspeak/cdp-datasets/cdp-oakland-ba81c097/event-385fdc35083b/session-8ed2d835ef2b/transcript.csv
oakland,e72fd9ec7f60,2021-06-24 17:30:00+00:00,Special Concurrent Meeting of the Oakland Redevelopment Successor Agency/City Council,full council,https://councildataproject.org/oakland/#/events/0fbe6a1c73ea?s=0,https://oakland.legistar1.com/oakland/meetings/2021/6/8533_M_Special_Concurrent_Meeting_of_the_Oakland_Redevelopment_Successor_Agency_City_Council_21-06-24_Meeting_Minutes.pdf,https://storage.googleapis.com/download/storage/v1/b/cdp-oakland-ba81c097.appspot.com/o/fe254af2fde5f496accb7883337511e61d9e1a6e5e627e0769495485fe9adcb6-video.mp4?alt=media,/Users/evamaxfield/active/research/publicspeak/cdp-datasets/cdp-oakland-ba81c097/event-0fbe6a1c73ea/session-e72fd9ec7f60/transcript.csv
oakland,cfb96e89ee1d,2022-10-10 20:30:00+00:00,*Finance and Management Committee - CANCELLED,other,https://councildataproject.org/oakland/#/events/cd116c291d5e?s=0,https://oakland.legistar1.com/oakland/meetings/2022/10/8747_M__Finance_and_Management_Committee_-_CANCELLED_22-10-10_Meeting_Minutes.pdf,https://storage.googleapis.com/download/storage/v1/b/cdp-oakland-ba81c097.appspot.com/o/71666d4c7a7ddfd0457ed6376e3ce7b6a8c871a4e622c63d3a812ac72adf89c8-video.mp4?alt=media,/Users/evamaxfield/active/research/publicspeak/cdp-datasets/cdp-oakland-ba81c097/event-cd116c291d5e/session-cfb96e89ee1d/transcript.csv
oakland,048f95618850,2022-06-21 17:30:00+00:00,Special Concurrent Meeting of the Oakland Redevelopment Successor Agency/City Council,full council,https://councildataproject.org/oakland/#/events/ae315e77680c?s=0,https://oakland.legistar1.com/oakland/meetings/2022/6/8708_M_Special_Concurrent_Meeting_of_the_Oakland_Redevelopment_Successor_Agency_City_Council_22-06-21_Meeting_Minutes.pdf,https://storage.googleapis.com/download/storage/v1/b/cdp-oakland-ba81c097.appspot.com/o/3e81dd63205da3ff15a5d0438a9218157688a42aea1cc5d91281444c3aa3e8b3-video.mp4?alt=media,/Users/evamaxfield/active/research/publicspeak/cdp-datasets/cdp-oakland-ba81c097/event-ae315e77680c/session-048f95618850/transcript.csv
oakland,70a14c89ece1,2021-09-27 23:30:00+00:00,Special Concurrent Meeting of the Education Partnership Committee and the Oakland Unified School District Board of Education,other,https://councildataproject.org/oakland/#/events/c80da777e3b2?s=0,https://oakland.legistar1.com/oakland/meetings/2021/9/8570_M_Special_Concurrent_Meeting_of_the_Education_Partnership_Committee_and_the_Oakland_Unified_School_District_Board_of_Education_21-09-27_Meeting_Minutes.pdf,https://storage.googleapis.com/download/storage/v1/b/cdp-oakland-ba81c097.appspot.com/o/1c395949ae2a614d7b44a4c3bef550ba83a18d2ececa8d98f1bada078acd4a27-video.mp4?alt=media,/Users/evamaxfield/active/research/publicspeak/cdp-datasets/cdp-oakland-ba81c097/event-c80da777e3b2/session-70a14c89ece1/transcript.csv
oakland,b99616e87f38,2020-01-14 19:30:00+00:00,*Public Works Committee,other,https://councildataproject.org/oakland/#/events/9beb356762be?s=0,https://oakland.legistar1.com/oakland/meetings/2020/1/8337_M__Public_Works_Committee_20-01-14_Meeting_Minutes.pdf,https://archive-video.granicus.com/oakland/oakland_d7f0ad4c-5110-4026-9187-f8eaef21a934.mp4,/Users/evamaxfield/active/research/publicspeak/cdp-datasets/cdp-oakland-ba81c097/event-9beb356762be/session-b99616e87f38/transcript.csv
oakland,e50e941cb927,2022-01-11 21:30:00+00:00,*Public Safety Committee,other,https://councildataproject.org/oakland/#/events/103bb5b9ac2d?s=0,https://oakland.legistar1.com/oakland/meetings/2022/1/8635_M__Public_Safety_Committee_22-01-11_Meeting_Minutes.pdf,https://storage.googleapis.com/download/storage/v1/b/cdp-oakland-ba81c097.appspot.com/o/87192f67a4c9386ffe41f9aaa402d964c998c1fdbb375d00c0160fe685dae558-video.mp4?alt=media,/Users/evamaxfield/active/research/publicspeak/cdp-datasets/cdp-oakland-ba81c097/event-103bb5b9ac2d/session-e50e941cb927/transcript.csv
oakland,e411abf39fea,2020-09-17 18:00:00+00:00,*Rules & Legislation Committee,other,https://councildataproject.org/oakland/#/events/3aef2fe410e3?s=0,https://oakland.legistar1.com/oakland/meetings/2020/9/8423_M__Rules___Legislation_Committee_20-09-17_Meeting_Minutes.pdf,https://storage.googleapis.com/download/storage/v1/b/cdp-oakland-ba81c097.appspot.com/o/f48540aa0fdac9d9be1bc020c5f2cd42ea33f281ac2e19c36fdf84744a929064-video.mp4?alt=media,/Users/evamaxfield/active/research/publicspeak/cdp-datasets/cdp-oakland-ba81c097/event-3aef2fe410e3/session-e411abf39fea/transcript.csv
oakland,23317fc4033e,2022-03-31 17:30:00+00:00,*Rules & Legislation Committee,other,https://councildataproject.org/oakland/#/events/7f38b8b17776?s=0,https://oakland.legistar1.com/oakland/meetings/2022/3/8683_M__Rules___Legislation_Committee_22-03-31_Meeting_Minutes.pdf,https://storage.googleapis.com/download/storage/v1/b/cdp-oakland-ba81c097.appspot.com/o/2ad360a69af893657dffdc5a28cda862bbb9c36a342a6db6d136b3f042dde9a8-video.mp4?alt=media,/Users/evamaxfield/active/research/publicspeak/cdp-datasets/cdp-oakland-ba81c097/event-7f38b8b17776/session-23317fc4033e/transcript.csv
oakland,e6355db8ae16,2020-05-19 20:30:00+00:00,* Concurrent Meeting of the Oakland Redevelopment Successor Agency and the City Council,full council,https://councildataproject.org/oakland/#/events/d18d0e081a6e?s=0,https://oakland.legistar1.com/oakland/meetings/2020/5/8399_M___Concurrent_Meeting_of_the_Oakland_Redevelopment_Successor_Agency_and_the_City_Council_20-05-19_Meeting_Minutes.pdf,https://storage.googleapis.com/download/storage/v1/b/cdp-oakland-ba81c097.appspot.com/o/117cd319f2036f6513cdbffc22bc51de355baaa725184c030ca11090ac92dc0a-video.mp4?alt=media,/Users/evamaxfield/active/research/publicspeak/cdp-datasets/cdp-oakland-ba81c097/event-d18d0e081a6e/session-e6355db8ae16/transcript.csv
oakland,3a68edd6f3d4,2020-07-06 20:30:00+00:00,*Special Life Enrichment Committee,other,https://councildataproject.org/oakland/#/events/db42b0d9bf67?s=0,https://oakland.legistar1.com/oakland/meetings/2020/7/8406_M__Special_Life_Enrichment_Committee_20-07-06_Meeting_Minutes.pdf,https://storage.googleapis.com/download/storage/v1/b/cdp-oakland-ba81c097.appspot.com/o/a89362365a48cb7206f12b371e775b700755327e1a834dbd9b947bca8d51f72f-video.mp4?alt=media,/Users/evamaxfield/active/research/publicspeak/cdp-datasets/cdp-oakland-ba81c097/event-db42b0d9bf67/session-3a68edd6f3d4/transcript.csv
oakland,03bf3a73b894,2020-01-14 17:30:00+00:00,Concurrent Meeting of the Oakland Redevelopment Successor Agency and Finance and Management Committee,other,https://councildataproject.org/oakland/#/events/2f47b46ac32c?s=0,https://oakland.legistar1.com/oakland/meetings/2020/1/8334_M_Concurrent_Meeting_of_the_Oakland_Redevelopment_Successor_Agency_and_Finance_and_Management_Committee_20-01-14_Meeting_Minutes.pdf,https://storage.googleapis.com/download/storage/v1/b/cdp-oakland-ba81c097.appspot.com/o/2b968746f944c9d3e884cb779c6aacea78ed183b67aaef4ec4387af9a4113418-video.mp4?alt=media,/Users/evamaxfield/active/research/publicspeak/cdp-datasets/cdp-oakland-ba81c097/event-2f47b46ac32c/session-03bf3a73b894/transcript.csv
oakland,e9178ba90b38,2021-05-06 17:30:00+00:00,*Rules & Legislation Committee,other,https://councildataproject.org/oakland/#/events/13118b613a08?s=0,https://oakland.legistar1.com/oakland/meetings/2021/5/8529_M__Rules___Legislation_Committee_21-05-06_Meeting_Minutes.pdf,https://storage.googleapis.com/download/storage/v1/b/cdp-oakland-ba81c097.appspot.com/o/e0270fe0c2f353b16ed895899ae142e0adbda916540c9d90b1784dbd9919db1c-video.mp4?alt=media,/Users/evamaxfield/active/research/publicspeak/cdp-datasets/cdp-oakland-ba81c097/event-13118b613a08/session-e9178ba90b38/transcript.csv
oakland,dd395a92b3ae,2020-06-22 20:30:00+00:00,*Special Rules and Legislation Committee,other,https://councildataproject.org/oakland/#/events/994c60473242?s=0,https://oakland.legistar1.com/oakland/meetings/2020/6/8411_M__Special_Rules_and_Legislation_Committee_20-06-22_Meeting_Minutes.pdf,https://storage.googleapis.com/download/storage/v1/b/cdp-oakland-ba81c097.appspot.com/o/f4547ce1b90583d802fc0d5c6e68af42fa8df1f0c4217e8cd55bdbc665153b24-video.mp4?alt=media,/Users/evamaxfield/active/research/publicspeak/cdp-datasets/cdp-oakland-ba81c097/event-994c60473242/session-dd395a92b3ae/transcript.csv
oakland,a8cdb7d35a88,2021-05-04 20:30:00+00:00,* Concurrent Meeting of the Oakland Redevelopment Successor Agency and the City Council,full council,https://councildataproject.org/oakland/#/events/b664cfb5202c?s=0,https://oakland.legistar1.com/oakland/meetings/2021/5/8528_M___Concurrent_Meeting_of_the_Oakland_Redevelopment_Successor_Agency_and_the_City_Council_21-05-04_Meeting_Minutes.pdf,https://storage.googleapis.com/download/storage/v1/b/cdp-oakland-ba81c097.appspot.com/o/a09bba85fda4064967af2d053b2142b3bd937f189fe0804b0c954d9d0f274838-video.mp4?alt=media,/Users/evamaxfield/active/research/publicspeak/cdp-datasets/cdp-oakland-ba81c097/event-b664cfb5202c/session-a8cdb7d35a88/transcript.csv
oakland,580a657823c3,2020-11-10 21:30:00+00:00,Special Concurrent Meeting of the Oakland Redevelopment Successor Agency/City Council,full council,https://councildataproject.org/oakland/#/events/b729aa13c724?s=0,https://oakland.legistar1.com/oakland/meetings/2020/11/8444_M_Special_Concurrent_Meeting_of_the_Oakland_Redevelopment_Successor_Agency_City_Council_20-11-10_Meeting_Minutes.pdf,https://storage.googleapis.com/download/storage/v1/b/cdp-oakland-ba81c097.appspot.com/o/88dd5d52f60913bec0b7e1b4fcbcf5449f3b6ebc2e36c22efd9caad2201a2093-video.mp4?alt=media,/Users/evamaxfield/active/research/publicspeak/cdp-datasets/cdp-oakland-ba81c097/event-b729aa13c724/session-580a657823c3/transcript.csv
oakland,07fde4f4317a,2021-04-22 17:30:00+00:00,*Rules & Legislation Committee,other,https://councildataproject.org/oakland/#/events/25ab4c58e30f?s=0,https://oakland.legistar1.com/oakland/meetings/2021/4/8521_M__Rules___Legislation_Committee_21-04-22_Meeting_Minutes.pdf,https://storage.googleapis.com/download/storage/v1/b/cdp-oakland-ba81c097.appspot.com/o/bd801ddf15fca9e83db820b54ca3f9fbf7c599e328fb845ec779f0237fdf2d8b-video.mp4?alt=media,/Users/evamaxfield/active/research/publicspeak/cdp-datasets/cdp-oakland-ba81c097/event-25ab4c58e30f/session-07fde4f4317a/transcript.csv
oakland,c63f15c4d07d,2022-03-01 21:30:00+00:00,* Concurrent Meeting of the Oakland Redevelopment Successor Agency and the City Council,full council,https://councildataproject.org/oakland/#/events/0e44c06eaf1d?s=0,https://oakland.legistar1.com/oakland/meetings/2022/3/8648_M___Concurrent_Meeting_of_the_Oakland_Redevelopment_Successor_Agency_and_the_City_Council_22-03-01_Meeting_Minutes.pdf,https://storage.googleapis.com/download/storage/v1/b/cdp-oakland-ba81c097.appspot.com/o/3476430e8fa04f72babf09d7ef6753e8e1c701f99523e74296d7063103718db0-video.mp4?alt=media,/Users/evamaxfield/active/research/publicspeak/cdp-datasets/cdp-oakland-ba81c097/event-0e44c06eaf1d/session-c63f15c4d07d/transcript.csv
oakland,67ab78b5025f,2020-02-25 22:00:00+00:00,*Special Life Enrichment Committee,other,https://councildataproject.org/oakland/#/events/9edb7eb8dbbe?s=0,https://oakland.legistar1.com/oakland/meetings/2020/2/8366_M__Special_Life_Enrichment_Committee_20-02-25_Meeting_Minutes.pdf,https://storage.googleapis.com/download/storage/v1/b/cdp-oakland-ba81c097.appspot.com/o/e687cb49f8c385f870808f0fc43444a2565067f3f2876cd1e65a7351d733ac18-video.mp4?alt=media,/Users/evamaxfield/active/research/publicspeak/cdp-datasets/cdp-oakland-ba81c097/event-9edb7eb8dbbe/session-67ab78b5025f/transcript.csv
oakland,98ced11d009c,2021-12-14 22:00:00+00:00,*Special Public Safety Committee,other,https://councildataproject.org/oakland/#/events/281ed080f1cd?s=0,https://oakland.legistar1.com/oakland/meetings/2021/12/8618_M__Special_Public_Safety_Committee_21-12-14_Meeting_Minutes.pdf,https://storage.googleapis.com/download/storage/v1/b/cdp-oakland-ba81c097.appspot.com/o/a18913807bf2299fa16760e0f3fd5cf4b4d0c04d58dd4c313f6b76dd1b489172-video.mp4?alt=media,/Users/evamaxfield/active/research/publicspeak/cdp-datasets/cdp-oakland-ba81c097/event-281ed080f1cd/session-98ced11d009c/transcript.csv
oakland,ce13df196e58,2021-03-30 16:30:00+00:00,Special Concurrent Meeting of the Oakland Redevelopment Successor Agency/City Council,full council,https://councildataproject.org/oakland/#/events/1c5ff4d5383b?s=0,https://oakland.legistar1.com/oakland/meetings/2021/3/8489_M_Special_Concurrent_Meeting_of_the_Oakland_Redevelopment_Successor_Agency_City_Council_21-03-30_Meeting_Minutes.pdf,https://storage.googleapis.com/download/storage/v1/b/cdp-oakland-ba81c097.appspot.com/o/e179ad6961eb14c639642c673712367cc979bf33aed5315d5ecb1b0cbfbb2969-video.mp4?alt=media,/Users/evamaxfield/active/research/publicspeak/cdp-datasets/cdp-oakland-ba81c097/event-1c5ff4d5383b/session-ce13df196e58/transcript.csv
oakland,ab5cd8baf3ee,2022-10-20 17:30:00+00:00,*Rules & Legislation Committee,other,https://councildataproject.org/oakland/#/events/734f69f33d1a?s=0,https://oakland.legistar1.com/oakland/meetings/2022/10/8743_M__Rules___Legislation_Committee_22-10-20_Meeting_Minutes.pdf,https://storage.googleapis.com/download/storage/v1/b/cdp-oakland-ba81c097.appspot.com/o/77d42858d39fa30c18f2ccf2ac98217e48eb8d6517b211f55340140263145423-video.mp4?alt=media,/Users/evamaxfield/active/research/publicspeak/cdp-datasets/cdp-oakland-ba81c097/event-734f69f33d1a/session-ab5cd8baf3ee/transcript.csv
oakland,fb064f062166,2021-09-28 20:30:00+00:00,*Community & Economic Development Committee,housing committee,https://councildataproject.org/oakland/#/events/48ae88b9604d?s=0,,https://storage.googleapis.com/download/storage/v1/b/cdp-oakland-ba81c097.appspot.com/o/0e7b6edc996a8031200c1ef0743514dc78f4f360a8f51cdb6e8881bcb8f47839-video.mp4?alt=media,/Users/evamaxfield/active/research/publicspeak/cdp-datasets/cdp-oakland-ba81c097/event-48ae88b9604d/session-fb064f062166/transcript.csv
oakland,4fca769186e0,2023-03-28 23:00:00+00:00,*Special Public Safety Committee,other,https://councildataproject.org/oakland/#/events/ddf75ddfbc1d?s=0,https://oakland.legistar1.com/oakland/meetings/2023/3/8846_M__Special_Public_Safety_Committee_23-03-28_Meeting_Minutes.pdf,https://archive-video.granicus.com/oakland/oakland_01edfd09-87af-41f5-a8a8-37b43e569da5.mp4,/Users/evamaxfield/active/research/publicspeak/cdp-datasets/cdp-oakland-ba81c097/event-ddf75ddfbc1d/session-4fca769186e0/transcript.csv
oakland,b53dfb351a80,2022-09-12 17:30:00+00:00,Special Concurrent Meeting of the Oakland Redevelopment Successor Agency/City Council,full council,https://councildataproject.org/oakland/#/events/188d89d93c23?s=0,https://oakland.legistar1.com/oakland/meetings/2022/9/8727_M_Special_Concurrent_Meeting_of_the_Oakland_Redevelopment_Successor_Agency_City_Council_22-09-12_Meeting_Minutes.pdf,https://storage.googleapis.com/download/storage/v1/b/cdp-oakland-ba81c097.appspot.com/o/ad71a38cb692196f3a7e64186ca1c0823bd815452ab52ff1b8ab7761867c023c-video.mp4?alt=media,/Users/evamaxfield/active/research/publicspeak/cdp-datasets/cdp-oakland-ba81c097/event-188d89d93c23/session-b53dfb351a80/transcript.csv
oakland,cf828e921a4e,2022-10-18 17:00:00+00:00,Special Concurrent Meeting of the Oakland Redevelopment Successor Agency/City Council,full council,https://councildataproject.org/oakland/#/events/4fa5b55a3579?s=0,https://oakland.legistar1.com/oakland/meetings/2022/10/8735_M_Special_Concurrent_Meeting_of_the_Oakland_Redevelopment_Successor_Agency_City_Council_22-10-18_Meeting_Minutes.pdf,https://storage.googleapis.com/download/storage/v1/b/cdp-oakland-ba81c097.appspot.com/o/02efd1558dc4f2c48e43665e2f52d74f5cfc6a8a5f8790bc174a0f3f9e6f4465-video.mp4?alt=media,/Users/evamaxfield/active/research/publicspeak/cdp-datasets/cdp-oakland-ba81c097/event-4fa5b55a3579/session-cf828e921a4e/transcript.csv
oakland,bb33a42b7397,2021-07-22 17:30:00+00:00,*Rules & Legislation Committee,other,https://councildataproject.org/oakland/#/events/3709456b62e5?s=0,https://oakland.legistar1.com/oakland/meetings/2021/7/8565_M__Rules___Legislation_Committee_21-07-22_Meeting_Minutes.pdf,https://storage.googleapis.com/download/storage/v1/b/cdp-oakland-ba81c097.appspot.com/o/47aacbd24f8db1eb1217d4754f7d9f3091896fa2f06514f781b0afe69b0e98e8-video.mp4?alt=media,/Users/evamaxfield/active/research/publicspeak/cdp-datasets/cdp-oakland-ba81c097/event-3709456b62e5/session-bb33a42b7397/transcript.csv
oakland,87eeeac8f2f3,2020-01-14 21:00:00+00:00,*Special Community & Economic Development Committee,housing committee,https://councildataproject.org/oakland/#/events/a3673e7470bd?s=0,https://oakland.legistar1.com/oakland/meetings/2020/1/8335_M__Special_Community___Economic_Development_Committee_20-01-14_Meeting_Minutes.pdf,https://storage.googleapis.com/download/storage/v1/b/cdp-oakland-ba81c097.appspot.com/o/876f54200f1b0b10f7b964945d7fa4f9db3cd8975b57027fc741eaf395e13d3b-video.mp4?alt=media,/Users/evamaxfield/active/research/publicspeak/cdp-datasets/cdp-oakland-ba81c097/event-a3673e7470bd/session-87eeeac8f2f3/transcript.csv
oakland,7719f0e0db99,2021-04-20 20:00:00+00:00,Special Concurrent Meeting of the Oakland Redevelopment Successor Agency/City Council,full council,https://councildataproject.org/oakland/#/events/564020f1c3fd?s=0,https://oakland.legistar1.com/oakland/meetings/2021/4/8504_M_Special_Concurrent_Meeting_of_the_Oakland_Redevelopment_Successor_Agency_City_Council_21-04-20_Meeting_Minutes.pdf,https://storage.googleapis.com/download/storage/v1/b/cdp-oakland-ba81c097.appspot.com/o/f02f3a1a04e2d0e8645ba141f3747bd84d92ec4c26700fd6298f2de540f1c107-video.mp4?alt=media,/Users/evamaxfield/active/research/publicspeak/cdp-datasets/cdp-oakland-ba81c097/event-564020f1c3fd/session-7719f0e0db99/transcript.csv
oakland,872e54682bdf,2021-11-09 21:00:00+00:00,*Special Public Safety Committee,other,https://councildataproject.org/oakland/#/events/d84d29c303ee?s=0,https://oakland.legistar1.com/oakland/meetings/2021/11/8599_M__Special_Public_Safety_Committee_21-11-09_Meeting_Minutes.pdf,https://storage.googleapis.com/download/storage/v1/b/cdp-oakland-ba81c097.appspot.com/o/24b3c9ec6b059a401b83c84b6dff8502ef79b80dfdf36c6449b1db3e4998c18c-video.mp4?alt=media,/Users/evamaxfield/active/research/publicspeak/cdp-datasets/cdp-oakland-ba81c097/event-d84d29c303ee/session-872e54682bdf/transcript.csv
oakland,e23a9259bd30,2020-01-14 21:00:00+00:00,*Special Community & Economic Development Committee,housing committee,https://councildataproject.org/oakland/#/events/a3673e7470bd?s=0,https://oakland.legistar1.com/oakland/meetings/2020/1/8335_M__Special_Community___Economic_Development_Committee_20-01-14_Meeting_Minutes.pdf,https://archive-video.granicus.com/oakland/oakland_f4cca7d8-9018-4e67-b284-46a8f7893c3f.mp4,/Users/evamaxfield/active/research/publicspeak/cdp-datasets/cdp-oakland-ba81c097/event-a3673e7470bd/session-e23a9259bd30/transcript.csv
oakland,6e007e64ed52,2020-06-29 20:00:00+00:00,*Special Community & Economic Development Committee,housing committee,https://councildataproject.org/oakland/#/events/cc852bc1dc12?s=0,https://oakland.legistar1.com/oakland/meetings/2020/6/8404_M__Special_Community___Economic_Development_Committee_20-06-29_Meeting_Minutes.pdf,https://storage.googleapis.com/download/storage/v1/b/cdp-oakland-ba81c097.appspot.com/o/9872b4469d7e97a5e3663d8fe4217b8c86921b1b9a82f29f0ca55edf0d46fbf5-video.mp4?alt=media,/Users/evamaxfield/active/research/publicspeak/cdp-datasets/cdp-oakland-ba81c097/event-cc852bc1dc12/session-6e007e64ed52/transcript.csv
oakland,b41ee128bb4c,2020-03-12 17:00:00+00:00,Special Concurrent Meeting of the Oakland Redevelopment Successor Agency/City Council,full council,https://councildataproject.org/oakland/#/events/4126d9776564?s=0,https://oakland.legistar1.com/oakland/meetings/2020/3/8389_M_Special_Concurrent_Meeting_of_the_Oakland_Redevelopment_Successor_Agency_City_Council_20-03-12_Meeting_Minutes.pdf,https://storage.googleapis.com/download/storage/v1/b/cdp-oakland-ba81c097.appspot.com/o/7eb13ee3687037eccd88d93fa0ecd97f0a8a778a4926d2eb06b1c03e23d28129-video.mp4?alt=media,/Users/evamaxfield/active/research/publicspeak/cdp-datasets/cdp-oakland-ba81c097/event-4126d9776564/session-b41ee128bb4c/transcript.csv
oakland,cf5c50893547,2021-10-26 20:30:00+00:00,*Community & Economic Development Committee,housing committee,https://councildataproject.org/oakland/#/events/f7a0e16d7241?s=0,https://oakland.legistar1.com/oakland/meetings/2021/10/8592_M__Community___Economic_Development_Committee_21-10-26_Meeting_Minutes.pdf,https://storage.googleapis.com/download/storage/v1/b/cdp-oakland-ba81c097.appspot.com/o/548cf9832b26167529affb51a8881f7f313c1935bd8acc35f049ff051dc6012a-video.mp4?alt=media,/Users/evamaxfield/active/research/publicspeak/cdp-datasets/cdp-oakland-ba81c097/event-f7a0e16d7241/session-cf5c50893547/transcript.csv
oakland,38c51d8edbba,2022-09-26 20:30:00+00:00,*Life Enrichment Committee,other,https://councildataproject.org/oakland/#/events/a556ccd6b4ac?s=0,https://oakland.legistar1.com/oakland/meetings/2022/9/8737_M__Life_Enrichment_Committee_22-09-26_Meeting_Minutes.pdf,https://storage.googleapis.com/download/storage/v1/b/cdp-oakland-ba81c097.appspot.com/o/0cfdfc99f7066e7c4a0fd22698a85246197743146376057eb51522aea071ef54-video.mp4?alt=media,/Users/evamaxfield/active/research/publicspeak/cdp-datasets/cdp-oakland-ba81c097/event-a556ccd6b4ac/session-38c51d8edbba/transcript.csv
oakland,8f02293c8663,2021-07-13 20:30:00+00:00,*Public Safety Committee,other,https://councildataproject.org/oakland/#/events/2dd87495e27b?s=0,https://oakland.legistar1.com/oakland/meetings/2021/7/8546_M__Public_Safety_Committee_21-07-13_Meeting_Minutes.pdf,https://storage.googleapis.com/download/storage/v1/b/cdp-oakland-ba81c097.appspot.com/o/0c70d2d0c6e44a4abae2a5a83879ac03aa3e312c84579153b3297e7a139fcc02-video.mp4?alt=media,/Users/evamaxfield/active/research/publicspeak/cdp-datasets/cdp-oakland-ba81c097/event-2dd87495e27b/session-8f02293c8663/transcript.csv
oakland,d4a641a3abb4,2022-05-19 17:30:00+00:00,*Rules & Legislation Committee,other,https://councildataproject.org/oakland/#/events/5fa43f2f5a28?s=0,https://oakland.legistar1.com/oakland/meetings/2022/5/8689_M__Rules___Legislation_Committee_22-05-19_Meeting_Minutes.pdf,https://storage.googleapis.com/download/storage/v1/b/cdp-oakland-ba81c097.appspot.com/o/0b1763c88a6091b00ca164413bdbf83a5e643f44532437fa48ab7ae304eabb0f-video.mp4?alt=media,/Users/evamaxfield/active/research/publicspeak/cdp-datasets/cdp-oakland-ba81c097/event-5fa43f2f5a28/session-d4a641a3abb4/transcript.csv
oakland,b66f2a519bc6,2021-06-10 17:30:00+00:00,*Rules & Legislation Committee,other,https://councildataproject.org/oakland/#/events/10d95cef9629?s=0,https://oakland.legistar1.com/oakland/meetings/2021/6/8552_M__Rules___Legislation_Committee_21-06-10_Meeting_Minutes.pdf,https://storage.googleapis.com/download/storage/v1/b/cdp-oakland-ba81c097.appspot.com/o/448035f47bac64d34a95dee145aec3ce5375391975ee0f4febbca875ae7aea07-video.mp4?alt=media,/Users/evamaxfield/active/research/publicspeak/cdp-datasets/cdp-oakland-ba81c097/event-10d95cef9629/session-b66f2a519bc6/transcript.csv
oakland,544e63fd62c5,2020-08-28 16:00:00+00:00,Special Concurrent Meeting of the Oakland Redevelopment Successor Agency/City Council,full council,https://councildataproject.org/oakland/#/events/8e10607f05a8?s=0,https://oakland.legistar1.com/oakland/meetings/2020/8/8422_M_Special_Concurrent_Meeting_of_the_Oakland_Redevelopment_Successor_Agency_City_Council_20-08-28_Meeting_Minutes.pdf,https://storage.googleapis.com/download/storage/v1/b/cdp-oakland-ba81c097.appspot.com/o/855e2a61f10eeaff60830e52d62163c96dd6f087512445f5e6ee58a3532cf824-video.mp4?alt=media,/Users/evamaxfield/active/research/publicspeak/cdp-datasets/cdp-oakland-ba81c097/event-8e10607f05a8/session-544e63fd62c5/transcript.csv
oakland,ba15b9b216c3,2021-04-26 20:30:00+00:00,*Life Enrichment Committee,other,https://councildataproject.org/oakland/#/events/b0a9919e4a5b?s=0,https://oakland.legistar1.com/oakland/meetings/2021/4/8487_M__Life_Enrichment_Committee_21-04-26_Meeting_Minutes.pdf,https://storage.googleapis.com/download/storage/v1/b/cdp-oakland-ba81c097.appspot.com/o/c5a1af842036da0b28c153c3903f8181741b9ea789be66316d40d1cba37514f9-video.mp4?alt=media,/Users/evamaxfield/active/research/publicspeak/cdp-datasets/cdp-oakland-ba81c097/event-b0a9919e4a5b/session-ba15b9b216c3/transcript.csv
oakland,8e227cc4e51b,2022-09-20 20:30:00+00:00,* Concurrent Meeting of the Oakland Redevelopment Successor Agency and the City Council,full council,https://councildataproject.org/oakland/#/events/d7c09691f748?s=0,https://oakland.legistar1.com/oakland/meetings/2022/9/8736_M___Concurrent_Meeting_of_the_Oakland_Redevelopment_Successor_Agency_and_the_City_Council_22-09-20_Meeting_Minutes.pdf,https://storage.googleapis.com/download/storage/v1/b/cdp-oakland-ba81c097.appspot.com/o/51b18f18e4f90acff300a1251bbe4cc20eeb1305565af654c461a208fc4ab27d-video.mp4?alt=media,/Users/evamaxfield/active/research/publicspeak/cdp-datasets/cdp-oakland-ba81c097/event-d7c09691f748/session-8e227cc4e51b/transcript.csv
oakland,9f279985fe6f,2022-08-09 17:00:00+00:00,Special Concurrent Meeting of the Oakland Redevelopment Successor Agency/City Council,full council,https://councildataproject.org/oakland/#/events/e0912a619d69?s=0,https://oakland.legistar1.com/oakland/meetings/2022/8/8731_M_Special_Concurrent_Meeting_of_the_Oakland_Redevelopment_Successor_Agency_City_Council_22-08-09_Meeting_Minutes.pdf,https://storage.googleapis.com/download/storage/v1/b/cdp-oakland-ba81c097.appspot.com/o/98e0db5ea3ecf92f0eb9b1fce62a8047176b69403cd3dbd2707bee151bd6c6a5-video.mp4?alt=media,/Users/evamaxfield/active/research/publicspeak/cdp-datasets/cdp-oakland-ba81c097/event-e0912a619d69/session-9f279985fe6f/transcript.csv
oakland,6fc22799cf42,2020-06-16 20:30:00+00:00,* Concurrent Meeting of the Oakland Redevelopment Successor Agency and the City Council,full council,https://councildataproject.org/oakland/#/events/04f3b027a072?s=0,https://oakland.legistar1.com/oakland/meetings/2020/6/8408_M___Concurrent_Meeting_of_the_Oakland_Redevelopment_Successor_Agency_and_the_City_Council_20-06-16_Meeting_Minutes.pdf,https://storage.googleapis.com/download/storage/v1/b/cdp-oakland-ba81c097.appspot.com/o/373e8e55099c188a051e054285c62394f7dcc3570a2f52f2a935dc0d5a1623ec-video.mp4?alt=media,/Users/evamaxfield/active/research/publicspeak/cdp-datasets/cdp-oakland-ba81c097/event-04f3b027a072/session-6fc22799cf42/transcript.csv
oakland,ddd5392cec83,2020-05-12 20:30:00+00:00,Special Concurrent Meeting of the Oakland Redevelopment Successor Agency/City Council,full council,https://councildataproject.org/oakland/#/events/4e278d41317a?s=0,https://oakland.legistar1.com/oakland/meetings/2020/5/8398_M_Special_Concurrent_Meeting_of_the_Oakland_Redevelopment_Successor_Agency_City_Council_20-05-12_Meeting_Minutes.pdf,https://storage.googleapis.com/download/storage/v1/b/cdp-oakland-ba81c097.appspot.com/o/9c0cb7e960517e4d558be0195460d72494a92a20e90e0c649d49c93a230518a4-video.mp4?alt=media,/Users/evamaxfield/active/research/publicspeak/cdp-datasets/cdp-oakland-ba81c097/event-4e278d41317a/session-ddd5392cec83/transcript.csv
oakland,4a2a3ed9f3c7,2020-01-29 02:00:00+00:00,*Public Safety Committee,other,https://councildataproject.org/oakland/#/events/44965858b64f?s=0,https://oakland.legistar1.com/oakland/meetings/2020/1/8347_M__Public_Safety_Committee_20-01-28_Meeting_Minutes.pdf,https://storage.googleapis.com/download/storage/v1/b/cdp-oakland-ba81c097.appspot.com/o/1c0de9a943e38ed706b69dff80d8d5faabafef15612b6eff3a1c24e0c7465b6b-video.mp4?alt=media,/Users/evamaxfield/active/research/publicspeak/cdp-datasets/cdp-oakland-ba81c097/event-44965858b64f/session-4a2a3ed9f3c7/transcript.csv
oakland,45ad35b84aa2,2022-09-27 21:00:00+00:00,*Special Community & Economic Development Committee,housing committee,https://councildataproject.org/oakland/#/events/7f2ee5327a6f?s=0,https://oakland.legistar1.com/oakland/meetings/2022/9/8740_M__Special_Community___Economic_Development_Committee_22-09-27_Meeting_Minutes.pdf,https://storage.googleapis.com/download/storage/v1/b/cdp-oakland-ba81c097.appspot.com/o/38793138b896fa989decc2d553cc35d4ef5e17078b0259dbc82423444b03a1e8-video.mp4?alt=media,/Users/evamaxfield/active/research/publicspeak/cdp-datasets/cdp-oakland-ba81c097/event-7f2ee5327a6f/session-45ad35b84aa2/transcript.csv
oakland,00d132adef13,2022-04-26 00:30:00+00:00,* Special Concurrent Meeting of the Oakland City Council and the Youth Advisory Commission,other,https://councildataproject.org/oakland/#/events/201e93b93a42?s=0,https://oakland.legistar1.com/oakland/meetings/2022/4/8681_M___Special_Concurrent_Meeting_of_the_Oakland_City_Council_and_the_Youth_Advisory_Commission_22-04-25_Meeting_Minutes.pdf,https://storage.googleapis.com/download/storage/v1/b/cdp-oakland-ba81c097.appspot.com/o/7bd1f9649cd14984a674d5b3ba470d3688b70fd7faecd6446710df8d3f13a283-video.mp4?alt=media,/Users/evamaxfield/active/research/publicspeak/cdp-datasets/cdp-oakland-ba81c097/event-201e93b93a42/session-00d132adef13/transcript.csv
oakland,330390b700ea,2023-02-27 21:30:00+00:00,*Public Safety Committee,other,https://councildataproject.org/oakland/#/events/d8adeae0a99b?s=0,https://oakland.legistar1.com/oakland/meetings/2023/2/8827_M__Public_Safety_Committee_23-02-27_Meeting_Minutes.pdf,https://archive-video.granicus.com/oakland/oakland_eb150428-ebac-4224-af4f-e98461edb606.mp4,/Users/evamaxfield/active/research/publicspeak/cdp-datasets/cdp-oakland-ba81c097/event-d8adeae0a99b/session-330390b700ea/transcript.csv
oakland,9e0a1fddaff8,2022-04-28 17:00:00+00:00,*Special Rules and Legislation Committee,other,https://councildataproject.org/oakland/#/events/2a4d6cb9b886?s=0,https://oakland.legistar1.com/oakland/meetings/2022/4/8676_M__Special_Rules_and_Legislation_Committee_22-04-28_Meeting_Minutes.pdf,https://storage.googleapis.com/download/storage/v1/b/cdp-oakland-ba81c097.appspot.com/o/04b28cc92a4689cac6c21d97dcc849e9af0a44ac1971b67a583b58c06906dff3-video.mp4?alt=media,/Users/evamaxfield/active/research/publicspeak/cdp-datasets/cdp-oakland-ba81c097/event-2a4d6cb9b886/session-9e0a1fddaff8/transcript.csv
oakland,ce990767fcd4,2020-09-24 17:30:00+00:00,*Rules & Legislation Committee,other,https://councildataproject.org/oakland/#/events/1927a92b4304?s=0,https://oakland.legistar1.com/oakland/meetings/2020/9/8426_M__Rules___Legislation_Committee_20-09-24_Meeting_Minutes.pdf,https://storage.googleapis.com/download/storage/v1/b/cdp-oakland-ba81c097.appspot.com/o/3da25b57516ed9cf3b560c02a6c15b9c2c818a4c29c629b8854c79446677a152-video.mp4?alt=media,/Users/evamaxfield/active/research/publicspeak/cdp-datasets/cdp-oakland-ba81c097/event-1927a92b4304/session-ce990767fcd4/transcript.csv
oakland,60c2c478fc14,2022-04-11 20:00:00+00:00,*Special Finance & Management Committee,other,https://councildataproject.org/oakland/#/events/7dbd3d3a13f8?s=0,https://oakland.legistar1.com/oakland/meetings/2022/4/8661_M__Special_Finance___Management_Committee_22-04-11_Meeting_Minutes.pdf,https://storage.googleapis.com/download/storage/v1/b/cdp-oakland-ba81c097.appspot.com/o/66027148cccfecb518e8ab8131cbbdcff904a32bad09a83d1b7428b0a269df87-video.mp4?alt=media,/Users/evamaxfield/active/research/publicspeak/cdp-datasets/cdp-oakland-ba81c097/event-7dbd3d3a13f8/session-60c2c478fc14/transcript.csv
oakland,349e4321d8c5,2021-10-11 20:30:00+00:00,*Finance & Management Committee,other,https://councildataproject.org/oakland/#/events/625b9361f441?s=0,https://oakland.legistar1.com/oakland/meetings/2021/10/8580_M__Finance___Management_Committee_21-10-11_Meeting_Minutes.pdf,https://storage.googleapis.com/download/storage/v1/b/cdp-oakland-ba81c097.appspot.com/o/38b46e5ddf0fdac612523420f0f5e5552ce32803ff7ff2c2bf92b01d65d6c13f-video.mp4?alt=media,/Users/evamaxfield/active/research/publicspeak/cdp-datasets/cdp-oakland-ba81c097/event-625b9361f441/session-349e4321d8c5/transcript.csv
oakland,d8f7f881df9b,2022-05-23 23:30:00+00:00,Special Concurrent Meeting of the Education Partnership Committee and the Oakland Unified School District Board of Education,other,https://councildataproject.org/oakland/#/events/c7f3365f1cbd?s=0,https://oakland.legistar1.com/oakland/meetings/2022/5/8697_M_Special_Concurrent_Meeting_of_the_Education_Partnership_Committee_and_the_Oakland_Unified_School_District_Board_of_Education_22-05-23_Meeting_Minutes.pdf,https://storage.googleapis.com/download/storage/v1/b/cdp-oakland-ba81c097.appspot.com/o/8b797602724218623447de45f66cdf8a9bd697cdd9fc58477a6cf312a9bd6709-video.mp4?alt=media,/Users/evamaxfield/active/research/publicspeak/cdp-datasets/cdp-oakland-ba81c097/event-c7f3365f1cbd/session-d8f7f881df9b/transcript.csv
oakland,ea21be87789c,2021-01-07 18:30:00+00:00,*Rules & Legislation Committee,other,https://councildataproject.org/oakland/#/events/5402eb0f756f?s=0,https://oakland.legistar1.com/oakland/meetings/2021/1/8463_M__Rules___Legislation_Committee_21-01-07_Meeting_Minutes.pdf,https://storage.googleapis.com/download/storage/v1/b/cdp-oakland-ba81c097.appspot.com/o/c6dfbb6af79c5b5797e25266d54123d66a5a676e01161f41bb904161afcaafae-video.mp4?alt=media,/Users/evamaxfield/active/research/publicspeak/cdp-datasets/cdp-oakland-ba81c097/event-5402eb0f756f/session-ea21be87789c/transcript.csv
oakland,b33cd52b6796,2021-03-18 17:30:00+00:00,*Rules & Legislation Committee,other,https://councildataproject.org/oakland/#/events/bb7ff5ff1efd?s=0,https://oakland.legistar1.com/oakland/meetings/2021/3/8492_M__Rules___Legislation_Committee_21-03-18_Meeting_Minutes.pdf,https://storage.googleapis.com/download/storage/v1/b/cdp-oakland-ba81c097.appspot.com/o/e3fadcb22071b53906cf2224bc6b67a6fb80a4b5eb5be75b875650d821d5f881-video.mp4?alt=media,/Users/evamaxfield/active/research/publicspeak/cdp-datasets/cdp-oakland-ba81c097/event-bb7ff5ff1efd/session-b33cd52b6796/transcript.csv
oakland,f2c9fd9a3e5f,2020-02-25 19:30:00+00:00,*Public Works Committee,other,https://councildataproject.org/oakland/#/events/e94c7e268990?s=0,https://oakland.legistar1.com/oakland/meetings/2020/2/8365_M__Public_Works_Committee_20-02-25_Meeting_Minutes.pdf,https://storage.googleapis.com/download/storage/v1/b/cdp-oakland-ba81c097.appspot.com/o/b66ed3e0d9e32d6a2238bf50cd289f00b6a37fa4fbfeb6d6be498e736a5483fc-video.mp4?alt=media,/Users/evamaxfield/active/research/publicspeak/cdp-datasets/cdp-oakland-ba81c097/event-e94c7e268990/session-f2c9fd9a3e5f/transcript.csv
oakland,b79de79f51a8,2023-07-12 01:00:00+00:00,*Public Safety Committee,other,https://councildataproject.org/oakland/#/events/fe70e55e1a73?s=0,https://oakland.legistar1.com/oakland/meetings/2023/7/8930_M__Public_Safety_Committee_23-07-11_Meeting_Minutes.pdf,https://archive-video.granicus.com/oakland/oakland_0d77267c-f838-41ce-8b89-546b2a3e1b68.mp4,/Users/evamaxfield/active/research/publicspeak/cdp-datasets/cdp-oakland-ba81c097/event-fe70e55e1a73/session-b79de79f51a8/transcript.csv
oakland,64d2dd3bdca3,2022-03-17 17:30:00+00:00,*Rules & Legislation Committee,other,https://councildataproject.org/oakland/#/events/b197c8a56657?s=0,https://oakland.legistar1.com/oakland/meetings/2022/3/8667_M__Rules___Legislation_Committee_22-03-17_Meeting_Minutes.pdf,https://storage.googleapis.com/download/storage/v1/b/cdp-oakland-ba81c097.appspot.com/o/c438be08fcac090cf7fefef7422fc790f0004b0eaae81fceb42c440ada0544f8-video.mp4?alt=media,/Users/evamaxfield/active/research/publicspeak/cdp-datasets/cdp-oakland-ba81c097/event-b197c8a56657/session-64d2dd3bdca3/transcript.csv
oakland,149be1e96b37,2021-05-11 20:30:00+00:00,*Public Safety Committee,other,https://councildataproject.org/oakland/#/events/84749d37333f?s=0,https://oakland.legistar1.com/oakland/meetings/2021/5/8526_M__Public_Safety_Committee_21-05-11_Meeting_Minutes.pdf,https://storage.googleapis.com/download/storage/v1/b/cdp-oakland-ba81c097.appspot.com/o/f017e9fb56edaf4c37e8cd9705e086a1b57e009ed64121b71e585532bae6b49e-video.mp4?alt=media,/Users/evamaxfield/active/research/publicspeak/cdp-datasets/cdp-oakland-ba81c097/event-84749d37333f/session-149be1e96b37/transcript.csv
oakland,90760648a742,2021-11-08 21:30:00+00:00,*Finance & Management Committee,other,https://councildataproject.org/oakland/#/events/409f48ade040?s=0,https://oakland.legistar1.com/oakland/meetings/2021/11/8598_M__Finance___Management_Committee_21-11-08_Meeting_Minutes.pdf,https://storage.googleapis.com/download/storage/v1/b/cdp-oakland-ba81c097.appspot.com/o/8ebe1dbd4ec7dc04533a725face181cdeccb221f409d1084e7bf3d5e0bc2feea-video.mp4?alt=media,/Users/evamaxfield/active/research/publicspeak/cdp-datasets/cdp-oakland-ba81c097/event-409f48ade040/session-90760648a742/transcript.csv
oakland,f93138cb7beb,2021-02-08 21:30:00+00:00,*Special Life Enrichment Committee,other,https://councildataproject.org/oakland/#/events/d2953c28d0f7?s=0,https://oakland.legistar1.com/oakland/meetings/2021/2/8470_M__Special_Life_Enrichment_Committee_21-02-08_Meeting_Minutes.pdf,https://storage.googleapis.com/download/storage/v1/b/cdp-oakland-ba81c097.appspot.com/o/1f1f2f882b882c024913ff0ba2258f62d60ac1d25f5198cc09707f511c8f1491-video.mp4?alt=media,/Users/evamaxfield/active/research/publicspeak/cdp-datasets/cdp-oakland-ba81c097/event-d2953c28d0f7/session-f93138cb7beb/transcript.csv
oakland,1b49739fa9be,2020-02-06 18:45:00+00:00,*Rules & Legislation Committee,other,https://councildataproject.org/oakland/#/events/366d2e97000b?s=0,https://oakland.legistar1.com/oakland/meetings/2020/2/8351_M__Rules___Legislation_Committee_20-02-06_Meeting_Minutes.pdf,https://storage.googleapis.com/download/storage/v1/b/cdp-oakland-ba81c097.appspot.com/o/d0779214183faa2a9d99c98e66c5db7e7c9029859446addbba37d2403be395e2-video.mp4?alt=media,/Users/evamaxfield/active/research/publicspeak/cdp-datasets/cdp-oakland-ba81c097/event-366d2e97000b/session-1b49739fa9be/transcript.csv
oakland,0c42b5b15ad7,2020-02-11 21:30:00+00:00,*Community & Economic Development Committee,housing committee,https://councildataproject.org/oakland/#/events/93216012baf9?s=0,https://oakland.legistar1.com/oakland/meetings/2020/2/8354_M__Community___Economic_Development_Committee_20-02-11_Meeting_Minutes.pdf,https://storage.googleapis.com/download/storage/v1/b/cdp-oakland-ba81c097.appspot.com/o/e21cd835b6db4914558d06a36ebace66589e5658f5d5f573b5235964699f8862-video.mp4?alt=media,/Users/evamaxfield/active/research/publicspeak/cdp-datasets/cdp-oakland-ba81c097/event-93216012baf9/session-0c42b5b15ad7/transcript.csv
oakland,2d783c37e574,2023-06-20 23:00:00+00:00,* Concurrent Meeting of the Oakland Redevelopment Successor Agency and the City Council,full council,https://councildataproject.org/oakland/#/events/0a273a2572c8?s=0,https://oakland.legistar1.com/oakland/meetings/2023/6/8901_M___Concurrent_Meeting_of_the_Oakland_Redevelopment_Successor_Agency_and_the_City_Council_23-06-20_Meeting_Minutes.pdf,https://archive-video.granicus.com/oakland/oakland_bfad6a1c-90a4-43a9-ab08-f855ba90829d.mp4,/Users/evamaxfield/active/research/publicspeak/cdp-datasets/cdp-oakland-ba81c097/event-0a273a2572c8/session-2d783c37e574/transcript.csv
oakland,621e15a0dcae,2021-09-01 21:30:00+00:00,Special Concurrent Meeting of the Oakland Redevelopment Successor Agency/City Council,full council,https://councildataproject.org/oakland/#/events/28742dc05c7d?s=0,https://oakland.legistar1.com/oakland/meetings/2021/9/8578_M_Special_Concurrent_Meeting_of_the_Oakland_Redevelopment_Successor_Agency_City_Council_21-09-01_Meeting_Minutes.pdf,https://storage.googleapis.com/download/storage/v1/b/cdp-oakland-ba81c097.appspot.com/o/56c5e8a56583abf9235fd3047deea5d3442aa242e5b0ed89ee56eea73254a3d8-video.mp4?alt=media,/Users/evamaxfield/active/research/publicspeak/cdp-datasets/cdp-oakland-ba81c097/event-28742dc05c7d/session-621e15a0dcae/transcript.csv
oakland,8cdba4bbe55e,2021-11-30 21:30:00+00:00,*Special Community & Economic Development Committee,housing committee,https://councildataproject.org/oakland/#/events/da0179a774fd?s=0,https://oakland.legistar1.com/oakland/meetings/2021/11/8607_M__Special_Community___Economic_Development_Committee_21-11-30_Meeting_Minutes.pdf,https://storage.googleapis.com/download/storage/v1/b/cdp-oakland-ba81c097.appspot.com/o/989da8333147eb55fcf83c35e0c601cf8d10bbf0645dc45a17380218e428daa8-video.mp4?alt=media,/Users/evamaxfield/active/research/publicspeak/cdp-datasets/cdp-oakland-ba81c097/event-da0179a774fd/session-8cdba4bbe55e/transcript.csv
oakland,5dd23f23d265,2022-06-09 17:30:00+00:00,*Rules & Legislation Committee,other,https://councildataproject.org/oakland/#/events/08a3593b9477?s=0,https://oakland.legistar1.com/oakland/meetings/2022/6/8705_M__Rules___Legislation_Committee_22-06-09_Meeting_Minutes.pdf,https://storage.googleapis.com/download/storage/v1/b/cdp-oakland-ba81c097.appspot.com/o/b719d9031e33718f647929f9a6d6ce9f3012a68095a5ee41d4daefa295df6f87-video.mp4?alt=media,/Users/evamaxfield/active/research/publicspeak/cdp-datasets/cdp-oakland-ba81c097/event-08a3593b9477/session-5dd23f23d265/transcript.csv
oakland,0299ce4a6e05,2022-04-26 21:00:00+00:00,*Special Community & Economic Development Committee,housing committee,https://councildataproject.org/oakland/#/events/7082cf8a32a7?s=0,https://oakland.legistar1.com/oakland/meetings/2022/4/8675_M__Special_Community___Economic_Development_Committee_22-04-26_Meeting_Minutes.pdf,https://storage.googleapis.com/download/storage/v1/b/cdp-oakland-ba81c097.appspot.com/o/023b305b63a9448f060b63be50eeab4c32deae9c2097d9d67e4edbdbbd70e81b-video.mp4?alt=media,/Users/evamaxfield/active/research/publicspeak/cdp-datasets/cdp-oakland-ba81c097/event-7082cf8a32a7/session-0299ce4a6e05/transcript.csv
oakland,18d9c4e043cd,2021-05-03 21:00:00+00:00,Special Concurrent Meeting of the Oakland Redevelopment Successor Agency/City Council,full council,https://councildataproject.org/oakland/#/events/5712e00a80eb?s=0,https://oakland.legistar1.com/oakland/meetings/2021/5/8523_M_Special_Concurrent_Meeting_of_the_Oakland_Redevelopment_Successor_Agency_City_Council_21-05-03_Meeting_Minutes.pdf,https://storage.googleapis.com/download/storage/v1/b/cdp-oakland-ba81c097.appspot.com/o/c3436030b5d634f5e9815b33d2f4a59335d49e120dd96ac9a8684e73df4e5053-video.mp4?alt=media,/Users/evamaxfield/active/research/publicspeak/cdp-datasets/cdp-oakland-ba81c097/event-5712e00a80eb/session-18d9c4e043cd/transcript.csv
oakland,7b2fd03094be,2022-01-18 21:00:00+00:00,Special Concurrent Meeting of the Oakland Redevelopment Successor Agency/City Council,full council,https://councildataproject.org/oakland/#/events/457cf8a0f5e3?s=0,https://oakland.legistar1.com/oakland/meetings/2022/1/8644_M_Special_Concurrent_Meeting_of_the_Oakland_Redevelopment_Successor_Agency_City_Council_22-01-18_Meeting_Minutes.pdf,https://storage.googleapis.com/download/storage/v1/b/cdp-oakland-ba81c097.appspot.com/o/37f7095c4ea253b6b83a9ad46df605142d410c23d176954b245e0bb5895384af-video.mp4?alt=media,/Users/evamaxfield/active/research/publicspeak/cdp-datasets/cdp-oakland-ba81c097/event-457cf8a0f5e3/session-7b2fd03094be/transcript.csv
oakland,ad94fd3e7217,2021-12-14 18:30:00+00:00,*Special Public Works Committee,other,https://councildataproject.org/oakland/#/events/2c30604be9c4?s=0,https://oakland.legistar1.com/oakland/meetings/2021/12/8622_M__Special_Public_Works_Committee_21-12-14_Meeting_Minutes.pdf,https://storage.googleapis.com/download/storage/v1/b/cdp-oakland-ba81c097.appspot.com/o/213180291f669d3b527896311b8eee8c7e59fb3e15a436f9de1caee298fa3758-video.mp4?alt=media,/Users/evamaxfield/active/research/publicspeak/cdp-datasets/cdp-oakland-ba81c097/event-2c30604be9c4/session-ad94fd3e7217/transcript.csv
oakland,a293961f6304,2022-09-27 17:30:00+00:00,*Special Public Works Committee,other,https://councildataproject.org/oakland/#/events/bc37b4fbebae?s=0,https://oakland.legistar1.com/oakland/meetings/2022/9/8739_M__Special_Public_Works_Committee_22-09-27_Meeting_Minutes.pdf,https://storage.googleapis.com/download/storage/v1/b/cdp-oakland-ba81c097.appspot.com/o/8dfdd267c1680782fe1178f22b24d44c376b166891c650fdb061c71726da76d7-video.mp4?alt=media,/Users/evamaxfield/active/research/publicspeak/cdp-datasets/cdp-oakland-ba81c097/event-bc37b4fbebae/session-a293961f6304/transcript.csv
oakland,b392f9acabd9,2022-03-08 21:30:00+00:00,*Public Safety Committee,other,https://councildataproject.org/oakland/#/events/a3244fb5c951?s=0,https://oakland.legistar1.com/oakland/meetings/2022/3/8654_M__Public_Safety_Committee_22-03-08_Meeting_Minutes.pdf,https://storage.googleapis.com/download/storage/v1/b/cdp-oakland-ba81c097.appspot.com/o/a11b879f0fe1c028f5c8907ad73f9fb00b4ba9bb01d3fbfc5e9794208804e730-video.mp4?alt=media,/Users/evamaxfield/active/research/publicspeak/cdp-datasets/cdp-oakland-ba81c097/event-a3244fb5c951/session-b392f9acabd9/transcript.csv
oakland,a57493b08f1a,2021-02-09 21:30:00+00:00,*Public Safety Committee,other,https://councildataproject.org/oakland/#/events/c1f1f0f97e7d?s=0,https://oakland.legistar1.com/oakland/meetings/2021/2/8471_M__Public_Safety_Committee_21-02-09_Meeting_Minutes.pdf,https://storage.googleapis.com/download/storage/v1/b/cdp-oakland-ba81c097.appspot.com/o/5f16e51801920101b16bb87a7438c43f4e34e416ab954ad7d0a88b319cefd1ba-video.mp4?alt=media,/Users/evamaxfield/active/research/publicspeak/cdp-datasets/cdp-oakland-ba81c097/event-c1f1f0f97e7d/session-a57493b08f1a/transcript.csv
oakland,d2b86434f9ff,2020-10-13 21:30:00+00:00,*Special Public Safety Committee,other,https://councildataproject.org/oakland/#/events/7585dd4c06cc?s=0,https://oakland.legistar1.com/oakland/meetings/2020/10/8432_M__Special_Public_Safety_Committee_20-10-13_Meeting_Minutes.pdf,https://storage.googleapis.com/download/storage/v1/b/cdp-oakland-ba81c097.appspot.com/o/1c5b9b9dcb92528ea6738deacba3b15b3ff2b965a20ae8bf19c08f82d2d17353-video.mp4?alt=media,/Users/evamaxfield/active/research/publicspeak/cdp-datasets/cdp-oakland-ba81c097/event-7585dd4c06cc/session-d2b86434f9ff/transcript.csv
oakland,d7c20f2426c5,2020-10-06 00:30:00+00:00,Special Concurrent Meeting of the Education Partnership Committee and the Oakland Unified School District Board of Education,other,https://councildataproject.org/oakland/#/events/8c482efef00a?s=0,https://oakland.legistar1.com/oakland/meetings/2020/10/8431_M_Special_Concurrent_Meeting_of_the_Education_Partnership_Committee_and_the_Oakland_Unified_School_District_Board_of_Education_20-10-05_Meeting_Minutes.pdf,https://storage.googleapis.com/download/storage/v1/b/cdp-oakland-ba81c097.appspot.com/o/18ac68603bb0ede13c956c4bfc5c78bd1a676cb153a5cec52c07dd16543cb6be-video.mp4?alt=media,/Users/evamaxfield/active/research/publicspeak/cdp-datasets/cdp-oakland-ba81c097/event-8c482efef00a/session-d7c20f2426c5/transcript.csv
oakland,20ac671cad9e,2020-10-06 20:30:00+00:00,* Concurrent Meeting of the Oakland Redevelopment Successor Agency and the City Council,full council,https://councildataproject.org/oakland/#/events/b53c06752b73?s=0,https://oakland.legistar1.com/oakland/meetings/2020/10/8429_M___Concurrent_Meeting_of_the_Oakland_Redevelopment_Successor_Agency_and_the_City_Council_20-10-06_Meeting_Minutes.pdf,https://storage.googleapis.com/download/storage/v1/b/cdp-oakland-ba81c097.appspot.com/o/2e8bc2567ba9e2268774a48d839c0b05e8c7a9eab56b0254fea2c45f7fa1b7fa-video.mp4?alt=media,/Users/evamaxfield/active/research/publicspeak/cdp-datasets/cdp-oakland-ba81c097/event-b53c06752b73/session-20ac671cad9e/transcript.csv
oakland,7e0fc515e2c2,2023-04-11 20:00:00+00:00,*Special Life Enrichment Committee,other,https://councildataproject.org/oakland/#/events/c24f05467576?s=0,,https://archive-video.granicus.com/oakland/oakland_3c3ffee1-af13-493c-bafc-2da48fb0783a.mp4,/Users/evamaxfield/active/research/publicspeak/cdp-datasets/cdp-oakland-ba81c097/event-c24f05467576/session-7e0fc515e2c2/transcript.csv
oakland,d2bfbd2812b9,2023-02-28 18:30:00+00:00,*Public Works Committee,other,https://councildataproject.org/oakland/#/events/703f7bb21d96?s=0,https://oakland.legistar1.com/oakland/meetings/2023/2/8828_M__Public_Works_Committee_23-02-28_Meeting_Minutes.pdf,https://archive-video.granicus.com/oakland/oakland_c8eaeb06-2a57-4cbe-a43b-308ba762110b.mp4,/Users/evamaxfield/active/research/publicspeak/cdp-datasets/cdp-oakland-ba81c097/event-703f7bb21d96/session-d2bfbd2812b9/transcript.csv
oakland,98853146193d,2021-11-29 21:30:00+00:00,*Special Public Works Committee,other,https://councildataproject.org/oakland/#/events/b859cff547c3?s=0,https://oakland.legistar1.com/oakland/meetings/2021/11/8606_M__Special_Public_Works_Committee_21-11-29_Meeting_Minutes.pdf,https://storage.googleapis.com/download/storage/v1/b/cdp-oakland-ba81c097.appspot.com/o/4677bf03cdec793aea7f9033f391a8a1e5e997fa2dbb46463e0f3757feaf1311-video.mp4?alt=media,/Users/evamaxfield/active/research/publicspeak/cdp-datasets/cdp-oakland-ba81c097/event-b859cff547c3/session-98853146193d/transcript.csv
oakland,784fab0857d4,2022-02-22 18:30:00+00:00,*Special Public Works Committee,other,https://councildataproject.org/oakland/#/events/5867b69935fc?s=0,https://oakland.legistar1.com/oakland/meetings/2022/2/8637_M__Special_Public_Works_Committee_22-02-22_Meeting_Minutes.pdf,https://storage.googleapis.com/download/storage/v1/b/cdp-oakland-ba81c097.appspot.com/o/99cdd55d321d762161466ee081ba1335ed5a3ccf8a6dbfd3e8d079ff4b7b5f8d-video.mp4?alt=media,/Users/evamaxfield/active/research/publicspeak/cdp-datasets/cdp-oakland-ba81c097/event-5867b69935fc/session-784fab0857d4/transcript.csv
oakland,ae363bcb5628,2023-07-11 20:30:00+00:00,*Community & Economic Development Committee,housing committee,https://councildataproject.org/oakland/#/events/f5838c25e361?s=0,https://oakland.legistar1.com/oakland/meetings/2023/7/8928_M__Community___Economic_Development_Committee_23-07-11_Meeting_Minutes.pdf,https://archive-video.granicus.com/oakland/oakland_3ff25c7d-6125-4fd9-af44-aba1c5100b64.mp4,/Users/evamaxfield/active/research/publicspeak/cdp-datasets/cdp-oakland-ba81c097/event-f5838c25e361/session-ae363bcb5628/transcript.csv
oakland,6fb6a975adeb,2022-01-13 18:30:00+00:00,*Rules & Legislation Committee,other,https://councildataproject.org/oakland/#/events/126b5c5f6e13?s=0,https://oakland.legistar1.com/oakland/meetings/2022/1/8640_M__Rules___Legislation_Committee_22-01-13_Meeting_Minutes.pdf,https://storage.googleapis.com/download/storage/v1/b/cdp-oakland-ba81c097.appspot.com/o/b178eca72bd4707b99c53e3ea0f72c954f80084d64520a61b3df00273e157e47-video.mp4?alt=media,/Users/evamaxfield/active/research/publicspeak/cdp-datasets/cdp-oakland-ba81c097/event-126b5c5f6e13/session-6fb6a975adeb/transcript.csv
oakland,2b73f46f2429,2022-06-14 20:30:00+00:00,*Public Safety Committee,other,https://councildataproject.org/oakland/#/events/0ce6477e11ee?s=0,https://oakland.legistar1.com/oakland/meetings/2022/6/8696_M__Public_Safety_Committee_22-06-14_Meeting_Minutes.pdf,https://storage.googleapis.com/download/storage/v1/b/cdp-oakland-ba81c097.appspot.com/o/d4c97e6e770851451c9b540d485df33c4d3f8ee6c6896050f229c90487f2e840-video.mp4?alt=media,/Users/evamaxfield/active/research/publicspeak/cdp-datasets/cdp-oakland-ba81c097/event-0ce6477e11ee/session-2b73f46f2429/transcript.csv
oakland,c658b9361f53,2022-02-17 23:30:00+00:00,Special Concurrent Meeting of the Oakland Redevelopment Successor Agency/City Council,full council,https://councildataproject.org/oakland/#/events/2565052f0376?s=0,https://oakland.legistar1.com/oakland/meetings/2022/2/8658_M_Special_Concurrent_Meeting_of_the_Oakland_Redevelopment_Successor_Agency_City_Council_22-02-17_Meeting_Minutes.pdf,https://storage.googleapis.com/download/storage/v1/b/cdp-oakland-ba81c097.appspot.com/o/144d62935fbde0964e35a749a4d0a272f5c5d0e8de41aa31bc31f0863f7f5307-video.mp4?alt=media,/Users/evamaxfield/active/research/publicspeak/cdp-datasets/cdp-oakland-ba81c097/event-2565052f0376/session-c658b9361f53/transcript.csv
oakland,f9eccc8d1604,2020-06-02 20:30:00+00:00,Concurrent Meeting of the Oakland Redevelopment Successor Agency / City Council / Geologic Hazard Abatement District Board,full council,https://councildataproject.org/oakland/#/events/f11309fc18b1?s=0,https://oakland.legistar1.com/oakland/meetings/2020/6/8401_M_Concurrent_Meeting_of_the_Oakland_Redevelopment_Successor_Agency___City_Council___Geologic_Hazard_Abatement_District_Board_20-06-02_Meeting_Minutes.pdf,https://storage.googleapis.com/download/storage/v1/b/cdp-oakland-ba81c097.appspot.com/o/5086a58b770f664510a09d46c1b10a1fc9d43204d61949095f79d13fbae69c82-video.mp4?alt=media,/Users/evamaxfield/active/research/publicspeak/cdp-datasets/cdp-oakland-ba81c097/event-f11309fc18b1/session-f9eccc8d1604/transcript.csv
oakland,b7dd2a13858e,2023-04-27 17:30:00+00:00,*Rules & Legislation Committee,other,https://councildataproject.org/oakland/#/events/bc99799865e7?s=0,https://oakland.legistar1.com/oakland/meetings/2023/4/8861_M__Rules___Legislation_Committee_23-04-27_Meeting_Minutes.pdf,https://archive-video.granicus.com/oakland/oakland_233b5f14-6ba5-42f2-8c42-4ca0a673b7cd.mp4,/Users/evamaxfield/active/research/publicspeak/cdp-datasets/cdp-oakland-ba81c097/event-bc99799865e7/session-b7dd2a13858e/transcript.csv
oakland,c1762edb4651,2022-04-25 20:30:00+00:00,*Life Enrichment Committee,other,https://councildataproject.org/oakland/#/events/500fa2a3cf97?s=0,https://oakland.legistar1.com/oakland/meetings/2022/4/8691_M__Life_Enrichment_Committee_22-04-25_Meeting_Minutes.pdf,https://storage.googleapis.com/download/storage/v1/b/cdp-oakland-ba81c097.appspot.com/o/1724002b3d1388b2b5f0e60486598d4836b0c0117403b02e9b9b5daa9c2af3c0-video.mp4?alt=media,/Users/evamaxfield/active/research/publicspeak/cdp-datasets/cdp-oakland-ba81c097/event-500fa2a3cf97/session-c1762edb4651/transcript.csv
oakland,8f547394e719,2023-04-20 17:30:00+00:00,*Rules & Legislation Committee,other,https://councildataproject.org/oakland/#/events/55dd8d087bd4?s=0,https://oakland.legistar1.com/oakland/meetings/2023/4/8860_M__Rules___Legislation_Committee_23-04-20_Meeting_Minutes.pdf,https://archive-video.granicus.com/oakland/oakland_c95af5d6-e2ac-4a54-94b3-3b29157ba4e1.mp4,/Users/evamaxfield/active/research/publicspeak/cdp-datasets/cdp-oakland-ba81c097/event-55dd8d087bd4/session-8f547394e719/transcript.csv
oakland,fac34684cfcf,2021-10-19 20:30:00+00:00,* Concurrent Meeting of the Oakland Redevelopment Successor Agency and the City Council,full council,https://councildataproject.org/oakland/#/events/8a9483fa9dda?s=0,https://oakland.legistar1.com/oakland/meetings/2021/10/8596_M___Concurrent_Meeting_of_the_Oakland_Redevelopment_Successor_Agency_and_the_City_Council_21-10-19_Meeting_Minutes.pdf,https://storage.googleapis.com/download/storage/v1/b/cdp-oakland-ba81c097.appspot.com/o/c4bb75069811154385c8d1c7dede13d4b15c927ac91d9ecf11e428c8c50679fc-video.mp4?alt=media,/Users/evamaxfield/active/research/publicspeak/cdp-datasets/cdp-oakland-ba81c097/event-8a9483fa9dda/session-fac34684cfcf/transcript.csv
oakland,d7747fd119a3,2020-03-05 18:45:00+00:00,*Rules & Legislation Committee,other,https://councildataproject.org/oakland/#/events/272457322429?s=0,https://oakland.legistar1.com/oakland/meetings/2020/3/8369_M__Rules___Legislation_Committee_20-03-05_Meeting_Minutes.pdf,https://storage.googleapis.com/download/storage/v1/b/cdp-oakland-ba81c097.appspot.com/o/74603c99408904a286915132326d837cab7dd26b00685614bd6382f36321660a-video.mp4?alt=media,/Users/evamaxfield/active/research/publicspeak/cdp-datasets/cdp-oakland-ba81c097/event-272457322429/session-d7747fd119a3/transcript.csv
oakland,97876eb4a3ad,2020-02-05 21:00:00+00:00,*Special Finance & Management Committee,other,https://councildataproject.org/oakland/#/events/072ff0da3001?s=0,https://oakland.legistar1.com/oakland/meetings/2020/2/8359_M__Special_Finance___Management_Committee_20-02-05_Meeting_Minutes.pdf,https://archive-video.granicus.com/oakland/oakland_7432eeb3-8953-47e7-b36d-ced9506865e5.mp4,/Users/evamaxfield/active/research/publicspeak/cdp-datasets/cdp-oakland-ba81c097/event-072ff0da3001/session-97876eb4a3ad/transcript.csv
oakland,6dea40e44458,2021-11-16 21:30:00+00:00,* Concurrent Meeting of the Oakland Redevelopment Successor Agency and the City Council,full council,https://councildataproject.org/oakland/#/events/a5ede8ff9a4d?s=0,https://oakland.legistar1.com/oakland/meetings/2021/11/8609_M___Concurrent_Meeting_of_the_Oakland_Redevelopment_Successor_Agency_and_the_City_Council_21-11-16_Meeting_Minutes.pdf,https://storage.googleapis.com/download/storage/v1/b/cdp-oakland-ba81c097.appspot.com/o/a0424e1266b72c0a1511fcf1210433ccfccb343fd7fbea1feee5b70b5cef0646-video.mp4?alt=media,/Users/evamaxfield/active/research/publicspeak/cdp-datasets/cdp-oakland-ba81c097/event-a5ede8ff9a4d/session-6dea40e44458/transcript.csv
oakland,d7942db1910e,2020-01-28 17:30:00+00:00,Concurrent Meeting of the Oakland Redevelopment Successor Agency and Finance and Management Committee,other,https://councildataproject.org/oakland/#/events/e6041be323a1?s=0,https://oakland.legistar1.com/oakland/meetings/2020/1/8345_M_Concurrent_Meeting_of_the_Oakland_Redevelopment_Successor_Agency_and_Finance_and_Management_Committee_20-01-28_Meeting_Minutes.pdf,https://storage.googleapis.com/download/storage/v1/b/cdp-oakland-ba81c097.appspot.com/o/b588e5933633878c2c34e4c210115432485599db9a7dbf9c3b888646b9fc66b8-video.mp4?alt=media,/Users/evamaxfield/active/research/publicspeak/cdp-datasets/cdp-oakland-ba81c097/event-e6041be323a1/session-d7942db1910e/transcript.csv
oakland,62c913923747,2023-06-27 16:30:00+00:00,*Finance & Management Committee,other,https://councildataproject.org/oakland/#/events/2f3c5b85cf3f?s=0,https://oakland.legistar1.com/oakland/meetings/2023/6/8912_M__Finance___Management_Committee_23-06-27_Meeting_Minutes.pdf,https://archive-video.granicus.com/oakland/oakland_a33ba5bc-3702-4449-a478-c71a37000f7e.mp4,/Users/evamaxfield/active/research/publicspeak/cdp-datasets/cdp-oakland-ba81c097/event-2f3c5b85cf3f/session-62c913923747/transcript.csv
oakland,bcb76b8452dd,2020-11-17 21:30:00+00:00,*Special Community & Economic Development Committee,housing committee,https://councildataproject.org/oakland/#/events/a7805a87695e?s=0,https://oakland.legistar1.com/oakland/meetings/2020/11/8442_M__Special_Community___Economic_Development_Committee_20-11-17_Meeting_Minutes.pdf,https://storage.googleapis.com/download/storage/v1/b/cdp-oakland-ba81c097.appspot.com/o/f26c1f89f3f1c0b98224147ed5cec2f11949abebf2864e9f201b22273adc2bee-video.mp4?alt=media,/Users/evamaxfield/active/research/publicspeak/cdp-datasets/cdp-oakland-ba81c097/event-a7805a87695e/session-bcb76b8452dd/transcript.csv
oakland,da34636fa515,2020-02-25 22:00:00+00:00,*Special Life Enrichment Committee,other,https://councildataproject.org/oakland/#/events/9edb7eb8dbbe?s=0,https://oakland.legistar1.com/oakland/meetings/2020/2/8366_M__Special_Life_Enrichment_Committee_20-02-25_Meeting_Minutes.pdf,https://archive-video.granicus.com/oakland/oakland_068bb349-17f9-4226-8ff7-3703e208ee56.mp4,/Users/evamaxfield/active/research/publicspeak/cdp-datasets/cdp-oakland-ba81c097/event-9edb7eb8dbbe/session-da34636fa515/transcript.csv
oakland,2c7879434a8b,2021-01-21 18:30:00+00:00,*Rules & Legislation Committee,other,https://councildataproject.org/oakland/#/events/d2e9fc661748?s=0,https://oakland.legistar1.com/oakland/meetings/2021/1/8467_M__Rules___Legislation_Committee_21-01-21_Meeting_Minutes.pdf,https://storage.googleapis.com/download/storage/v1/b/cdp-oakland-ba81c097.appspot.com/o/0b19b4e0b4686811d20d17f90a4d41c7d2598db1ecfad753fe1dc4b027a5e631-video.mp4?alt=media,/Users/evamaxfield/active/research/publicspeak/cdp-datasets/cdp-oakland-ba81c097/event-d2e9fc661748/session-2c7879434a8b/transcript.csv
oakland,67bfd454a105,2021-01-26 21:00:00+00:00,*Special Community & Economic Development Committee,housing committee,https://councildataproject.org/oakland/#/events/19534dc7efca?s=0,https://oakland.legistar1.com/oakland/meetings/2021/1/8473_M__Special_Community___Economic_Development_Committee_21-01-26_Meeting_Minutes.pdf,https://storage.googleapis.com/download/storage/v1/b/cdp-oakland-ba81c097.appspot.com/o/20f9b63d2eee97e5e1f958559f69165ed1be035be887711d4f38372aeb8da13b-video.mp4?alt=media,/Users/evamaxfield/active/research/publicspeak/cdp-datasets/cdp-oakland-ba81c097/event-19534dc7efca/session-67bfd454a105/transcript.csv
oakland,7756a362ae43,2021-03-16 20:00:00+00:00,Special Concurrent Meeting of the Oakland Redevelopment Successor Agency/City Council,full council,https://councildataproject.org/oakland/#/events/10f269a1a02d?s=0,https://oakland.legistar1.com/oakland/meetings/2021/3/8491_M_Special_Concurrent_Meeting_of_the_Oakland_Redevelopment_Successor_Agency_City_Council_21-03-16_Meeting_Minutes.pdf,https://storage.googleapis.com/download/storage/v1/b/cdp-oakland-ba81c097.appspot.com/o/b297b78c65fa3c602cd06ad3c0b2e5e553017aba569f82069d1f02265d8bff99-video.mp4?alt=media,/Users/evamaxfield/active/research/publicspeak/cdp-datasets/cdp-oakland-ba81c097/event-10f269a1a02d/session-7756a362ae43/transcript.csv
oakland,09eba8593d98,2021-05-24 20:30:00+00:00,Concurrent Meeting of the Education Partnership Committee and the Oakland Unified School District Board of Education,other,https://councildataproject.org/oakland/#/events/a64855a198a2?s=0,https://oakland.legistar1.com/oakland/meetings/2021/5/8517_M_Concurrent_Meeting_of_the_Education_Partnership_Committee_and_the_Oakland_Unified_School_District_Board_of_Education_21-05-24_Meeting_Minutes.pdf,https://storage.googleapis.com/download/storage/v1/b/cdp-oakland-ba81c097.appspot.com/o/00815b3c2ac43692cad9555604e02674238819dcf769200ae3304feea0764937-video.mp4?alt=media,/Users/evamaxfield/active/research/publicspeak/cdp-datasets/cdp-oakland-ba81c097/event-a64855a198a2/session-09eba8593d98/transcript.csv
oakland,ca33bada528c,2022-05-05 17:30:00+00:00,*Rules & Legislation Committee,other,https://councildataproject.org/oakland/#/events/3f69c0eff4e2?s=0,https://oakland.legistar1.com/oakland/meetings/2022/5/8688_M__Rules___Legislation_Committee_22-05-05_Meeting_Minutes.pdf,https://storage.googleapis.com/download/storage/v1/b/cdp-oakland-ba81c097.appspot.com/o/07c697561568e1a68e1b106c0391f0f97328e7e4dc8dec2022bfec857880174e-video.mp4?alt=media,/Users/evamaxfield/active/research/publicspeak/cdp-datasets/cdp-oakland-ba81c097/event-3f69c0eff4e2/session-ca33bada528c/transcript.csv
oakland,2e97919fe976,2022-04-12 20:30:00+00:00,*Public Safety Committee,other,https://councildataproject.org/oakland/#/events/60a4c0ca5f09?s=0,https://oakland.legistar1.com/oakland/meetings/2022/4/8668_M__Public_Safety_Committee_22-04-12_Meeting_Minutes.pdf,https://storage.googleapis.com/download/storage/v1/b/cdp-oakland-ba81c097.appspot.com/o/3940034c35882134308dbaee19d5493e433ace761c81e1576f9869b3ad0966dd-video.mp4?alt=media,/Users/evamaxfield/active/research/publicspeak/cdp-datasets/cdp-oakland-ba81c097/event-60a4c0ca5f09/session-2e97919fe976/transcript.csv
oakland,2c3e4c78c4f3,2023-03-23 17:30:00+00:00,*Rules & Legislation Committee,other,https://councildataproject.org/oakland/#/events/10715f078586?s=0,https://oakland.legistar1.com/oakland/meetings/2023/3/8839_M__Rules___Legislation_Committee_23-03-23_Meeting_Minutes.pdf,https://archive-video.granicus.com/oakland/oakland_3b291df1-838d-4599-a17b-075081eb4d0d.mp4,/Users/evamaxfield/active/research/publicspeak/cdp-datasets/cdp-oakland-ba81c097/event-10715f078586/session-2c3e4c78c4f3/transcript.csv
oakland,6d40c208dd76,2021-06-03 17:30:00+00:00,*Rules & Legislation Committee,other,https://councildataproject.org/oakland/#/events/d2af5846d101?s=0,https://oakland.legistar1.com/oakland/meetings/2021/6/8544_M__Rules___Legislation_Committee_21-06-03_Meeting_Minutes.pdf,https://storage.googleapis.com/download/storage/v1/b/cdp-oakland-ba81c097.appspot.com/o/f753e4bc60c19db18d26d6d567ad8efd3c019e4824496afb806371ba0a1e2ad0-video.mp4?alt=media,/Users/evamaxfield/active/research/publicspeak/cdp-datasets/cdp-oakland-ba81c097/event-d2af5846d101/session-6d40c208dd76/transcript.csv
oakland,a7c3c3d82914,2020-09-22 20:30:00+00:00,*Community & Economic Development Committee,housing committee,https://councildataproject.org/oakland/#/events/53a8b3459307?s=0,https://oakland.legistar1.com/oakland/meetings/2020/9/8424_M__Community___Economic_Development_Committee_20-09-22_Meeting_Minutes.pdf,https://storage.googleapis.com/download/storage/v1/b/cdp-oakland-ba81c097.appspot.com/o/43b3685bf567e6e348723b8af184cbe5a86f11147b8e8324a2cd92e055fe9040-video.mp4?alt=media,/Users/evamaxfield/active/research/publicspeak/cdp-datasets/cdp-oakland-ba81c097/event-53a8b3459307/session-a7c3c3d82914/transcript.csv
oakland,edd13494e277,2021-11-15 21:30:00+00:00,*Special Life Enrichment Committee,other,https://councildataproject.org/oakland/#/events/2f0e756e27f1?s=0,https://oakland.legistar1.com/oakland/meetings/2021/11/8608_M__Special_Life_Enrichment_Committee_21-11-15_Meeting_Minutes.pdf,https://storage.googleapis.com/download/storage/v1/b/cdp-oakland-ba81c097.appspot.com/o/f786030d6718bbbd2741d05e20b59407043452d67f510f5a3fdaf3f6c730aab3-video.mp4?alt=media,/Users/evamaxfield/active/research/publicspeak/cdp-datasets/cdp-oakland-ba81c097/event-2f0e756e27f1/session-edd13494e277/transcript.csv
oakland,89bfa0cd7de0,2020-02-05 01:30:00+00:00,* Concurrent Meeting of the Oakland Redevelopment Successor Agency and the City Council,full council,https://councildataproject.org/oakland/#/events/9ea5521445f9?s=0,https://oakland.legistar1.com/oakland/meetings/2020/2/8350_M___Concurrent_Meeting_of_the_Oakland_Redevelopment_Successor_Agency_and_the_City_Council_20-02-04_Meeting_Minutes.pdf,https://storage.googleapis.com/download/storage/v1/b/cdp-oakland-ba81c097.appspot.com/o/99cf040248a9ec6b2b60535da8620880d0b6e1a90d6bd946f8c85bf980b2ab0b-video.mp4?alt=media,/Users/evamaxfield/active/research/publicspeak/cdp-datasets/cdp-oakland-ba81c097/event-9ea5521445f9/session-89bfa0cd7de0/transcript.csv
oakland,a70fec1d8a98,2023-04-25 18:30:00+00:00,* Public Works And Transportation Committee,other,https://councildataproject.org/oakland/#/events/7ecc610e0a41?s=0,https://oakland.legistar1.com/oakland/meetings/2023/4/8868_M___Public_Works_And_Transportation_Committee_23-04-25_Meeting_Minutes.pdf,https://archive-video.granicus.com/oakland/oakland_2db66581-10c2-4db9-b327-eca40427daa3.mp4,/Users/evamaxfield/active/research/publicspeak/cdp-datasets/cdp-oakland-ba81c097/event-7ecc610e0a41/session-a70fec1d8a98/transcript.csv
oakland,b9d22f4e51f8,2021-07-26 20:30:00+00:00,Special Concurrent Meeting of the Oakland Redevelopment Successor Agency/City Council,full council,https://councildataproject.org/oakland/#/events/27de0ef7c3ec?s=0,https://oakland.legistar1.com/oakland/meetings/2021/7/8566_M_Special_Concurrent_Meeting_of_the_Oakland_Redevelopment_Successor_Agency_City_Council_21-07-26_Meeting_Minutes.pdf,https://storage.googleapis.com/download/storage/v1/b/cdp-oakland-ba81c097.appspot.com/o/e5ee1815b8eefdb10cc4c945c5310044aeff13fc6caa060110ecc5b269a4add7-video.mp4?alt=media,/Users/evamaxfield/active/research/publicspeak/cdp-datasets/cdp-oakland-ba81c097/event-27de0ef7c3ec/session-b9d22f4e51f8/transcript.csv
oakland,619c0266bf79,2020-12-15 21:00:00+00:00,Special Concurrent Meeting of the Oakland Redevelopment Successor Agency/City Council,full council,https://councildataproject.org/oakland/#/events/8b7fd9a41dc5?s=0,https://oakland.legistar1.com/oakland/meetings/2020/12/8452_M_Special_Concurrent_Meeting_of_the_Oakland_Redevelopment_Successor_Agency_City_Council_20-12-15_Meeting_Minutes.pdf,https://storage.googleapis.com/download/storage/v1/b/cdp-oakland-ba81c097.appspot.com/o/ae6cf83bc31970359b8dde9d388aee6ef41507f02a4a5c4b0bcb3e760585d2bf-video.mp4?alt=media,/Users/evamaxfield/active/research/publicspeak/cdp-datasets/cdp-oakland-ba81c097/event-8b7fd9a41dc5/session-619c0266bf79/transcript.csv
oakland,f5125c773d51,2021-05-26 16:30:00+00:00,Special Concurrent Meeting of the Oakland Redevelopment Successor Agency/City Council,full council,https://councildataproject.org/oakland/#/events/17a531d2554d?s=0,https://oakland.legistar1.com/oakland/meetings/2021/5/8538_M_Special_Concurrent_Meeting_of_the_Oakland_Redevelopment_Successor_Agency_City_Council_21-05-26_Meeting_Minutes.pdf,https://storage.googleapis.com/download/storage/v1/b/cdp-oakland-ba81c097.appspot.com/o/3e28b955c442c5668bc6a9ca54bc8e4993f5466caf71b4249418409f1df4c144-video.mp4?alt=media,/Users/evamaxfield/active/research/publicspeak/cdp-datasets/cdp-oakland-ba81c097/event-17a531d2554d/session-f5125c773d51/transcript.csv
oakland,8a04ab73bc6c,2022-09-29 17:30:00+00:00,*Rules & Legislation Committee,other,https://councildataproject.org/oakland/#/events/56ff4f3563ca?s=0,https://oakland.legistar1.com/oakland/meetings/2022/9/8738_M__Rules___Legislation_Committee_22-09-29_Meeting_Minutes.pdf,https://storage.googleapis.com/download/storage/v1/b/cdp-oakland-ba81c097.appspot.com/o/1b7a5dadcefa40da349f5794a34a6af35b5395a5c44188bfbf64be6d4bbc4f51-video.mp4?alt=media,/Users/evamaxfield/active/research/publicspeak/cdp-datasets/cdp-oakland-ba81c097/event-56ff4f3563ca/session-8a04ab73bc6c/transcript.csv
oakland,6d453051d136,2021-07-07 17:00:00+00:00,*Special Community & Economic Development Committee,housing committee,https://councildataproject.org/oakland/#/events/40ae4a05f8b4?s=0,https://oakland.legistar1.com/oakland/meetings/2021/7/8557_M__Special_Community___Economic_Development_Committee_21-07-07_Meeting_Minutes.pdf,https://storage.googleapis.com/download/storage/v1/b/cdp-oakland-ba81c097.appspot.com/o/868a543c3b7529433147c7c50701edf2e3f27d1cf7f20957d906047a8859482f-video.mp4?alt=media,/Users/evamaxfield/active/research/publicspeak/cdp-datasets/cdp-oakland-ba81c097/event-40ae4a05f8b4/session-6d453051d136/transcript.csv
oakland,c0ff2306feed,2021-09-23 17:30:00+00:00,*Rules & Legislation Committee,other,https://councildataproject.org/oakland/#/events/6d0f22fc1292?s=0,https://oakland.legistar1.com/oakland/meetings/2021/9/8575_M__Rules___Legislation_Committee_21-09-23_Meeting_Minutes.pdf,https://storage.googleapis.com/download/storage/v1/b/cdp-oakland-ba81c097.appspot.com/o/79aedf0fb58461d17236f0f91d1bbc659190c976d5ab3f490ae3b4bd2482bc2e-video.mp4?alt=media,/Users/evamaxfield/active/research/publicspeak/cdp-datasets/cdp-oakland-ba81c097/event-6d0f22fc1292/session-c0ff2306feed/transcript.csv
oakland,5f15beeac0dd,2020-12-16 00:30:00+00:00,* Special Concurrent Meeting of the Oakland City Council and the Youth Advisory Commission,other,https://councildataproject.org/oakland/#/events/4a47098dd932?s=0,https://oakland.legistar1.com/oakland/meetings/2020/12/8460_M___Special_Meeting_of_the_Oakland_City_Council_20-12-15_Meeting_Minutes.pdf,https://storage.googleapis.com/download/storage/v1/b/cdp-oakland-ba81c097.appspot.com/o/810be68e3f856759ee5a25321ef9cfc98c7de276d568de5089de0782a4929966-video.mp4?alt=media,/Users/evamaxfield/active/research/publicspeak/cdp-datasets/cdp-oakland-ba81c097/event-4a47098dd932/session-5f15beeac0dd/transcript.csv
oakland,60901bab8c91,2023-04-25 23:00:00+00:00,*Life Enrichment Committee,other,https://councildataproject.org/oakland/#/events/3f0e0c2469d2?s=0,https://oakland.legistar1.com/oakland/meetings/2023/4/8869_M__Life_Enrichment_Committee_23-04-25_Meeting_Minutes.pdf,https://archive-video.granicus.com/oakland/oakland_58262934-34d3-4ddc-9a70-20f3125f1f77.mp4,/Users/evamaxfield/active/research/publicspeak/cdp-datasets/cdp-oakland-ba81c097/event-3f0e0c2469d2/session-60901bab8c91/transcript.csv
oakland,285e3f8e1912,2020-02-26 02:00:00+00:00,*Public Safety Committee,other,https://councildataproject.org/oakland/#/events/2fec1caf307c?s=0,https://oakland.legistar1.com/oakland/meetings/2020/2/8364_M__Public_Safety_Committee_20-02-25_Meeting_Minutes.pdf,https://archive-video.granicus.com/oakland/oakland_98d8eebd-b29d-4b31-a98e-e1e290fc0652.mp4,/Users/evamaxfield/active/research/publicspeak/cdp-datasets/cdp-oakland-ba81c097/event-2fec1caf307c/session-285e3f8e1912/transcript.csv
oakland,2c0b027f01a1,2020-02-06 18:45:00+00:00,*Rules & Legislation Committee,other,https://councildataproject.org/oakland/#/events/366d2e97000b?s=0,https://oakland.legistar1.com/oakland/meetings/2020/2/8351_M__Rules___Legislation_Committee_20-02-06_Meeting_Minutes.pdf,https://archive-video.granicus.com/oakland/oakland_90699ed7-33d6-4f5c-9996-db134eec00b3.mp4,/Users/evamaxfield/active/research/publicspeak/cdp-datasets/cdp-oakland-ba81c097/event-366d2e97000b/session-2c0b027f01a1/transcript.csv
oakland,e92fcf9feb6b,2021-05-13 17:30:00+00:00,*Rules & Legislation Committee,other,https://councildataproject.org/oakland/#/events/7bc3a55b19a5?s=0,https://oakland.legistar1.com/oakland/meetings/2021/5/8530_M__Rules___Legislation_Committee_21-05-13_Meeting_Minutes.pdf,https://storage.googleapis.com/download/storage/v1/b/cdp-oakland-ba81c097.appspot.com/o/98fb81b7098bb2ec8ac61cede8fbee11b20f6107d9acb96409e076d71ce6ff67-video.mp4?alt=media,/Users/evamaxfield/active/research/publicspeak/cdp-datasets/cdp-oakland-ba81c097/event-7bc3a55b19a5/session-e92fcf9feb6b/transcript.csv
oakland,8656ee9a1a2c,2021-10-28 17:30:00+00:00,*Rules & Legislation Committee,other,https://councildataproject.org/oakland/#/events/c8088d5d1a54?s=0,https://oakland.legistar1.com/oakland/meetings/2021/10/8595_M__Rules___Legislation_Committee_21-10-28_Meeting_Minutes.pdf,https://storage.googleapis.com/download/storage/v1/b/cdp-oakland-ba81c097.appspot.com/o/7245ae0f0e6c04c6cd4b5a9de97cef95db298e742aead9c6e170926eab236467-video.mp4?alt=media,/Users/evamaxfield/active/research/publicspeak/cdp-datasets/cdp-oakland-ba81c097/event-c8088d5d1a54/session-8656ee9a1a2c/transcript.csv
oakland,4ea09176ef79,2020-01-14 19:30:00+00:00,*Public Works Committee,other,https://councildataproject.org/oakland/#/events/9beb356762be?s=0,https://oakland.legistar1.com/oakland/meetings/2020/1/8337_M__Public_Works_Committee_20-01-14_Meeting_Minutes.pdf,https://storage.googleapis.com/download/storage/v1/b/cdp-oakland-ba81c097.appspot.com/o/2656d60a2e14dadaa4e09295994a576474a3f41272def8e92a7714ab960cda4a-video.mp4?alt=media,/Users/evamaxfield/active/research/publicspeak/cdp-datasets/cdp-oakland-ba81c097/event-9beb356762be/session-4ea09176ef79/transcript.csv
oakland,7b3893c7f091,2021-02-16 21:30:00+00:00,* Concurrent Meeting of the Oakland Redevelopment Successor Agency and the City Council,full council,https://councildataproject.org/oakland/#/events/5d244af7a6d6?s=0,https://oakland.legistar1.com/oakland/meetings/2021/2/8482_M___Concurrent_Meeting_of_the_Oakland_Redevelopment_Successor_Agency_and_the_City_Council_21-02-16_Meeting_Minutes.pdf,https://storage.googleapis.com/download/storage/v1/b/cdp-oakland-ba81c097.appspot.com/o/3d18fe9de675a08d2b8a072941c06cf52a147ba247399e41e7b9b8e0997a34d5-video.mp4?alt=media,/Users/evamaxfield/active/research/publicspeak/cdp-datasets/cdp-oakland-ba81c097/event-5d244af7a6d6/session-7b3893c7f091/transcript.csv
oakland,b59fae0b69f0,2022-03-22 21:00:00+00:00,*Special Community & Economic Development Committee,housing committee,https://councildataproject.org/oakland/#/events/bea0883fe2f6?s=0,https://oakland.legistar1.com/oakland/meetings/2022/3/8659_M__Special_Community___Economic_Development_Committee_22-03-22_Meeting_Minutes.pdf,https://storage.googleapis.com/download/storage/v1/b/cdp-oakland-ba81c097.appspot.com/o/83c11ceca3a535c759adc5626d8b04082c18edfba0e0840f0297dab49a0c3b5d-video.mp4?alt=media,/Users/evamaxfield/active/research/publicspeak/cdp-datasets/cdp-oakland-ba81c097/event-bea0883fe2f6/session-b59fae0b69f0/transcript.csv
oakland,dfd3c9be4dc4,2022-03-15 18:00:00+00:00,Special Concurrent Meeting of the Oakland Redevelopment Successor Agency/City Council,full council,https://councildataproject.org/oakland/#/events/a9ed0678f975?s=0,https://oakland.legistar1.com/oakland/meetings/2022/3/8664_M_Special_Concurrent_Meeting_of_the_Oakland_Redevelopment_Successor_Agency_City_Council_22-03-15_Meeting_Minutes.pdf,https://storage.googleapis.com/download/storage/v1/b/cdp-oakland-ba81c097.appspot.com/o/b100e088fd3fb65115739512c90074bd6081b1c5e2924931beb757d8837e2ba0-video.mp4?alt=media,/Users/evamaxfield/active/research/publicspeak/cdp-datasets/cdp-oakland-ba81c097/event-a9ed0678f975/session-dfd3c9be4dc4/transcript.csv
oakland,c07a2b7b29e7,2022-02-22 22:00:00+00:00,*Special Community & Economic Development Committee,housing committee,https://councildataproject.org/oakland/#/events/72723fe31253?s=0,https://oakland.legistar1.com/oakland/meetings/2022/2/8656_M__Special_Community___Economic_Development_Committee_22-02-22_Meeting_Minutes.pdf,https://storage.googleapis.com/download/storage/v1/b/cdp-oakland-ba81c097.appspot.com/o/dc3d0b43472bfcbf1f0a51b5cb2848e46dfc0c3151f0b1f3decca3f7cb77df36-video.mp4?alt=media,/Users/evamaxfield/active/research/publicspeak/cdp-datasets/cdp-oakland-ba81c097/event-72723fe31253/session-c07a2b7b29e7/transcript.csv
oakland,c268b4f107d4,2022-01-20 18:30:00+00:00,*Rules & Legislation Committee,other,https://councildataproject.org/oakland/#/events/1bbd642800a4?s=0,https://oakland.legistar1.com/oakland/meetings/2022/1/8641_M__Rules___Legislation_Committee_22-01-20_Meeting_Minutes.pdf,https://storage.googleapis.com/download/storage/v1/b/cdp-oakland-ba81c097.appspot.com/o/f89487a94199aa7983658471d7e2bc454617863a23151e249696126cc1bc6c25-video.mp4?alt=media,/Users/evamaxfield/active/research/publicspeak/cdp-datasets/cdp-oakland-ba81c097/event-1bbd642800a4/session-c268b4f107d4/transcript.csv
oakland,0a6c2ec5a44b,2023-07-11 23:00:00+00:00,*Life Enrichment Committee,other,https://councildataproject.org/oakland/#/events/b1a67219518b?s=0,https://oakland.legistar1.com/oakland/meetings/2023/7/8929_M__Life_Enrichment_Committee_23-07-11_Meeting_Minutes.pdf,https://archive-video.granicus.com/oakland/oakland_231274be-c520-4f78-bd3e-cafc80e06014.mp4,/Users/evamaxfield/active/research/publicspeak/cdp-datasets/cdp-oakland-ba81c097/event-b1a67219518b/session-0a6c2ec5a44b/transcript.csv
oakland,be2da71a2b9c,2023-06-29 17:30:00+00:00,*Rules & Legislation Committee,other,https://councildataproject.org/oakland/#/events/d2305d5903fc?s=0,https://oakland.legistar1.com/oakland/meetings/2023/6/8917_M__Rules___Legislation_Committee_23-06-29_Meeting_Minutes.pdf,https://archive-video.granicus.com/oakland/oakland_52f23ebc-1d3f-438d-8b07-ae13caba1fa4.mp4,/Users/evamaxfield/active/research/publicspeak/cdp-datasets/cdp-oakland-ba81c097/event-d2305d5903fc/session-be2da71a2b9c/transcript.csv
oakland,9bb5281f8d0e,2022-03-03 18:30:00+00:00,*Rules & Legislation Committee,other,https://councildataproject.org/oakland/#/events/32d66b660b85?s=0,https://oakland.legistar1.com/oakland/meetings/2022/3/8652_M__Rules___Legislation_Committee_22-03-03_Meeting_Minutes.pdf,https://storage.googleapis.com/download/storage/v1/b/cdp-oakland-ba81c097.appspot.com/o/0ee93907886d6659d5dcfcff56760bd718295c06a67930bc63b4a1a9ff247899-video.mp4?alt=media,/Users/evamaxfield/active/research/publicspeak/cdp-datasets/cdp-oakland-ba81c097/event-32d66b660b85/session-9bb5281f8d0e/transcript.csv
oakland,239d9f232ae8,2022-06-30 17:00:00+00:00,Special Concurrent Meeting of the Oakland Redevelopment Successor Agency/City Council,full council,https://councildataproject.org/oakland/#/events/0a9815251e40?s=0,https://oakland.legistar1.com/oakland/meetings/2022/6/8714_M_Special_Concurrent_Meeting_of_the_Oakland_Redevelopment_Successor_Agency_City_Council_22-06-30_Meeting_Minutes.pdf,https://storage.googleapis.com/download/storage/v1/b/cdp-oakland-ba81c097.appspot.com/o/8c4a9973988c318cc7b4a316a5207e536c0d0a69f721283e8ca40912ae3873cf-video.mp4?alt=media,/Users/evamaxfield/active/research/publicspeak/cdp-datasets/cdp-oakland-ba81c097/event-0a9815251e40/session-239d9f232ae8/transcript.csv
oakland,d8d8a6a90bc2,2021-07-20 20:30:00+00:00,* Concurrent Meeting of the Oakland Redevelopment Successor Agency and the City Council,full council,https://councildataproject.org/oakland/#/events/1be8075017fd?s=0,https://oakland.legistar1.com/oakland/meetings/2021/7/8564_M___Concurrent_Meeting_of_the_Oakland_Redevelopment_Successor_Agency_and_the_City_Council_21-07-20_Meeting_Minutes.pdf,https://storage.googleapis.com/download/storage/v1/b/cdp-oakland-ba81c097.appspot.com/o/97597d1ca35068ba78c79ea57463fd1b88d48a46637d430462a8bdba23238c56-video.mp4?alt=media,/Users/evamaxfield/active/research/publicspeak/cdp-datasets/cdp-oakland-ba81c097/event-1be8075017fd/session-d8d8a6a90bc2/transcript.csv
oakland,eb1e231995de,2021-10-14 17:30:00+00:00,*Rules & Legislation Committee,other,https://councildataproject.org/oakland/#/events/ceaa699aa7a0?s=0,https://oakland.legistar1.com/oakland/meetings/2021/10/8584_M__Rules___Legislation_Committee_21-10-14_Meeting_Minutes.pdf,https://storage.googleapis.com/download/storage/v1/b/cdp-oakland-ba81c097.appspot.com/o/f879062924897004efc595ba08ed2c77a9b1d7dd6005f939801987a032ac1fb9-video.mp4?alt=media,/Users/evamaxfield/active/research/publicspeak/cdp-datasets/cdp-oakland-ba81c097/event-ceaa699aa7a0/session-eb1e231995de/transcript.csv
oakland,4545d6986752,2020-02-25 17:30:00+00:00,*Finance & Management Committee,other,https://councildataproject.org/oakland/#/events/8186d1da2465?s=0,https://oakland.legistar1.com/oakland/meetings/2020/2/8362_M__Finance___Management_Committee_20-02-25_Meeting_Minutes.pdf,https://storage.googleapis.com/download/storage/v1/b/cdp-oakland-ba81c097.appspot.com/o/e5eb5a516d346cf27a8eeb9c56eb7afb3f8817f951eca77bd0d38090879f93a7-video.mp4?alt=media,/Users/evamaxfield/active/research/publicspeak/cdp-datasets/cdp-oakland-ba81c097/event-8186d1da2465/session-4545d6986752/transcript.csv
richmond,7cc92662a3ee,2021-12-21 18:00:00+00:00,City Council,full council,https://councildataproject.org/richmond/#/events/67de9dd48e09?s=0,https://legistar2.granicus.com/richmondva/meetings/2021/12/4148_M_City_Council_21-12-21_Summary.pdf,https://storage.googleapis.com/download/storage/v1/b/cdp-richmond-a3d06941.appspot.com/o/080016f42606c4843628a63bdd642e5e06f90cae4a6b0d629a7af08da0e62bf2-video.mp4?alt=media,/Users/evamaxfield/active/research/publicspeak/cdp-datasets/cdp-richmond-a3d06941/event-67de9dd48e09/session-7cc92662a3ee/transcript.csv
richmond,01ed3776dea4,2021-07-26 22:00:00+00:00,City Council,full council,https://councildataproject.org/richmond/#/events/5cd7b418eb6f?s=0,https://legistar2.granicus.com/richmondva/meetings/2021/7/3738_M_City_Council_21-07-26_Summary.pdf,https://storage.googleapis.com/download/storage/v1/b/cdp-richmond-a3d06941.appspot.com/o/b4fe29c6f9865c26f99af44ea5e3e8235ee2ce4cd6297bf28d85b240b6410e84-video.mp4?alt=media,/Users/evamaxfield/active/research/publicspeak/cdp-datasets/cdp-richmond-a3d06941/event-5cd7b418eb6f/session-01ed3776dea4/transcript.csv
richmond,fca2bf312c4f,2022-03-10 17:00:00+00:00,"Land Use, Housing and Transportation Standing Committee",housing committee,https://councildataproject.org/richmond/#/events/e094d356e700?s=0,,https://storage.googleapis.com/download/storage/v1/b/cdp-richmond-a3d06941.appspot.com/o/a211fd24392d9f2bc58dce05e690d7fff63c3ce4dd127bae8ba3af39fb229488-video.mp4?alt=media,/Users/evamaxfield/active/research/publicspeak/cdp-datasets/cdp-richmond-a3d06941/event-e094d356e700/session-fca2bf312c4f/transcript.csv
richmond,e1cc6a7e1806,2020-02-25 17:00:00+00:00,Public Safety Standing Committee,other,https://councildataproject.org/richmond/#/events/e9f60d13d8e2?s=0,,https://storage.googleapis.com/download/storage/v1/b/cdp-richmond-a3d06941.appspot.com/o/9b4eaa14fc117bf901b6ba5ef9b15b061f1ca1bf5e1b4e204e6dd87999404912-video.mp4?alt=media,/Users/evamaxfield/active/research/publicspeak/cdp-datasets/cdp-richmond-a3d06941/event-e9f60d13d8e2/session-e1cc6a7e1806/transcript.csv
richmond,97b2254aa25e,2022-07-14 18:00:00+00:00,Education and Human Services Standing Committee,other,https://councildataproject.org/richmond/#/events/2ed09d25a784?s=0,https://legistar2.granicus.com/richmondva/meetings/2022/7/4105_M_Education_and_Human_Services_Standing_Committee_22-07-14_Summary.pdf,https://storage.googleapis.com/download/storage/v1/b/cdp-richmond-a3d06941.appspot.com/o/ccdc1fd7cd4a36a31d5c11c93dae5f329f56ae241d80cab4b78532d7c67be6a1-video.mp4?alt=media,/Users/evamaxfield/active/research/publicspeak/cdp-datasets/cdp-richmond-a3d06941/event-2ed09d25a784/session-97b2254aa25e/transcript.csv
richmond,fb6aff5d419c,2022-11-07 22:00:00+00:00,Organizational Development Standing Committee,other,https://councildataproject.org/richmond/#/events/c13b6ccdf551?s=0,,https://archive-video.granicus.com/richmondva/richmondva_91bb6363-6032-11ed-95a3-0050569183fa.mp4,/Users/evamaxfield/active/research/publicspeak/cdp-datasets/cdp-richmond-a3d06941/event-c13b6ccdf551/session-fb6aff5d419c/transcript.csv
richmond,bf73cb8f5faa,2020-02-27 17:00:00+00:00,Governmental Operations Standing Committee,other,https://councildataproject.org/richmond/#/events/ec4074713bef?s=0,https://legistar2.granicus.com/richmondva/meetings/2020/2/3468_M_Governmental_Operations_Standing_Committee_20-02-27_Meeting_Minutes.pdf,https://storage.googleapis.com/download/storage/v1/b/cdp-richmond-a3d06941.appspot.com/o/a97b9c17974db941eeec674612bf5caa9bf014c904bbd59b5722e7529ebf2845-video.mp4?alt=media,/Users/evamaxfield/active/research/publicspeak/cdp-datasets/cdp-richmond-a3d06941/event-ec4074713bef/session-bf73cb8f5faa/transcript.csv
richmond,7967098d2d1e,2023-02-28 20:30:00+00:00,Commission of Architectural Review,other,https://councildataproject.org/richmond/#/events/9bd7c02f1737?s=0,,https://storage.googleapis.com/download/storage/v1/b/cdp-richmond-a3d06941.appspot.com/o/378c2310695b330da3dd5102e34c2daa51b64e6048c5dba8e72172b2e9449dae-video.mp4?alt=media,/Users/evamaxfield/active/research/publicspeak/cdp-datasets/cdp-richmond-a3d06941/event-9bd7c02f1737/session-7967098d2d1e/transcript.csv
richmond,0e03ad0f952f,2021-09-13 20:00:00+00:00,Informal Meeting,other,https://councildataproject.org/richmond/#/events/cb193f051cbb?s=0,,https://storage.googleapis.com/download/storage/v1/b/cdp-richmond-a3d06941.appspot.com/o/1f1adcad085afdd9dae07f232b502f883787d80f7425d8b1da41af2bfeea87a8-video.mp4?alt=media,/Users/evamaxfield/active/research/publicspeak/cdp-datasets/cdp-richmond-a3d06941/event-cb193f051cbb/session-0e03ad0f952f/transcript.csv
richmond,9afc1356a1ce,2021-06-28 20:00:00+00:00,Informal Meeting,other,https://councildataproject.org/richmond/#/events/cc7a74ea2c51?s=0,,https://storage.googleapis.com/download/storage/v1/b/cdp-richmond-a3d06941.appspot.com/o/203ab0f03500aafcfd20de8ab5bcadfcea81cbfbfe2b908ff9a77022ba1b009d-video.mp4?alt=media,/Users/evamaxfield/active/research/publicspeak/cdp-datasets/cdp-richmond-a3d06941/event-cc7a74ea2c51/session-9afc1356a1ce/transcript.csv
richmond,acb20ef0075e,2020-08-25 19:30:00+00:00,Commission of Architectural Review,other,https://councildataproject.org/richmond/#/events/71b8d2a46d76?s=0,https://legistar2.granicus.com/richmondva/meetings/2020/8/3603_M_Commission_of_Architectural_Review_20-08-25_Meeting_Minutes.pdf,https://storage.googleapis.com/download/storage/v1/b/cdp-richmond-a3d06941.appspot.com/o/322178d1f852400a2408f487168ea941014f13b8f2def18f75b9382783d2c68c-video.mp4?alt=media,/Users/evamaxfield/active/research/publicspeak/cdp-datasets/cdp-richmond-a3d06941/event-71b8d2a46d76/session-acb20ef0075e/transcript.csv
richmond,d2e53c930621,2020-06-23 19:30:00+00:00,Commission of Architectural Review,other,https://councildataproject.org/richmond/#/events/1f78ee3df56f?s=0,https://legistar2.granicus.com/richmondva/meetings/2020/6/3601_M_Commission_of_Architectural_Review_20-06-23_Meeting_Minutes.pdf,https://storage.googleapis.com/download/storage/v1/b/cdp-richmond-a3d06941.appspot.com/o/9372869f3ca170b59d65115bf5b0717728bf16e9be466297285345ef3765ea04-video.mp4?alt=media,/Users/evamaxfield/active/research/publicspeak/cdp-datasets/cdp-richmond-a3d06941/event-1f78ee3df56f/session-d2e53c930621/transcript.csv
richmond,c5227f97a3f6,2021-05-05 21:00:00+00:00,City Council,full council,https://councildataproject.org/richmond/#/events/ef58dc118c3e?s=0,,https://storage.googleapis.com/download/storage/v1/b/cdp-richmond-a3d06941.appspot.com/o/cd5ab1f2ef74a0fa39ebdddd58c7f13a8563a6c72d7d83878e7adb985bb52601-video.mp4?alt=media,/Users/evamaxfield/active/research/publicspeak/cdp-datasets/cdp-richmond-a3d06941/event-ef58dc118c3e/session-c5227f97a3f6/transcript.csv
richmond,8506463b29bc,2020-07-27 20:00:00+00:00,Informal Meeting,other,https://councildataproject.org/richmond/#/events/0f3c5704d160?s=0,,https://storage.googleapis.com/download/storage/v1/b/cdp-richmond-a3d06941.appspot.com/o/443069271c979d5fa306599844a8d27ed82933536d06d165c05cdda0ee2d2f0c-video.mp4?alt=media,/Users/evamaxfield/active/research/publicspeak/cdp-datasets/cdp-richmond-a3d06941/event-0f3c5704d160/session-8506463b29bc/transcript.csv
richmond,5cc494930775,2022-08-15 17:30:00+00:00,Planning Commission,other,https://councildataproject.org/richmond/#/events/f47235b24ec8?s=0,,https://storage.googleapis.com/download/storage/v1/b/cdp-richmond-a3d06941.appspot.com/o/16f34a7b4eac8a95dceafb03ad8247a2166c3fa36f2986ce91c6b9c040eeb81d-video.mp4?alt=media,/Users/evamaxfield/active/research/publicspeak/cdp-datasets/cdp-richmond-a3d06941/event-f47235b24ec8/session-5cc494930775/transcript.csv
richmond,9b8969591c48,2020-04-20 17:00:00+00:00,City Council,full council,https://councildataproject.org/richmond/#/events/14a7a905002a?s=0,https://legistar2.granicus.com/richmondva/meetings/2020/4/3651_M_City_Council_20-04-20_Summary.pdf,https://storage.googleapis.com/download/storage/v1/b/cdp-richmond-a3d06941.appspot.com/o/f2378145a9a50f3de49936e0de3819335fffeaf07eb9e1c68e1c5929f32d5712-video.mp4?alt=media,/Users/evamaxfield/active/research/publicspeak/cdp-datasets/cdp-richmond-a3d06941/event-14a7a905002a/session-9b8969591c48/transcript.csv
richmond,b4d9c3ccdf33,2020-01-27 23:00:00+00:00,City Council,full council,https://councildataproject.org/richmond/#/events/3ff5479e5aa1?s=0,https://legistar2.granicus.com/richmondva/meetings/2020/1/3424_M_City_Council_20-01-27_Summary.pdf,https://storage.googleapis.com/download/storage/v1/b/cdp-richmond-a3d06941.appspot.com/o/0e98226d25289e6629a4c1021739e35692e0ac48cbe0ccf7510aa93aa96c715a-video.mp4?alt=media,/Users/evamaxfield/active/research/publicspeak/cdp-datasets/cdp-richmond-a3d06941/event-3ff5479e5aa1/session-b4d9c3ccdf33/transcript.csv
richmond,5fafbd756e0b,2021-01-04 22:00:00+00:00,Organizational Development Standing Committee,other,https://councildataproject.org/richmond/#/events/800fd7413bc3?s=0,,https://storage.googleapis.com/download/storage/v1/b/cdp-richmond-a3d06941.appspot.com/o/79c8ae54344d58eb64bba808a099ed35b279ed24016548d4523a13e845a9649b-video.mp4?alt=media,/Users/evamaxfield/active/research/publicspeak/cdp-datasets/cdp-richmond-a3d06941/event-800fd7413bc3/session-5fafbd756e0b/transcript.csv
richmond,8a50286a2f8f,2021-09-20 17:00:00+00:00,City Council,full council,https://councildataproject.org/richmond/#/events/1e5fff0f8740?s=0,,https://storage.googleapis.com/download/storage/v1/b/cdp-richmond-a3d06941.appspot.com/o/b417f75f07181fdb9dd7ec94c0e5ab2c2b89858fe24d12ff5846a5edb1ce2802-video.mp4?alt=media,/Users/evamaxfield/active/research/publicspeak/cdp-datasets/cdp-richmond-a3d06941/event-1e5fff0f8740/session-8a50286a2f8f/transcript.csv
richmond,ace4596b7e22,2021-09-07 17:30:00+00:00,Planning Commission,other,https://councildataproject.org/richmond/#/events/6df0949bc80c?s=0,https://legistar2.granicus.com/richmondva/meetings/2021/9/3869_M_Planning_Commission_21-09-07_Meeting_Minutes.pdf,https://storage.googleapis.com/download/storage/v1/b/cdp-richmond-a3d06941.appspot.com/o/194e7015b165c4764494018f08eb1d3591ec38af7044ce1530f1f1ee6ece5275-video.mp4?alt=media,/Users/evamaxfield/active/research/publicspeak/cdp-datasets/cdp-richmond-a3d06941/event-6df0949bc80c/session-ace4596b7e22/transcript.csv
richmond,4740e71a6966,2020-01-21 18:00:00+00:00,"Land Use, Housing and Transportation Standing Committee",housing committee,https://councildataproject.org/richmond/#/events/5c93bb0cf5d7?s=0,http://legistar2.granicus.com/richmondva/meetings/2020/1/3515_M_Land_Use%2C_Housing_and_Transportation_Standing_Committee_20-01-21_Summary.pdf,https://storage.googleapis.com/download/storage/v1/b/cdp-richmond-a3d06941.appspot.com/o/0d1cbb72db5a5f9fb58ae7692321bd819a782ba41aa6b19a9042bb20dffd93a4-video.mp4?alt=media,/Users/evamaxfield/active/research/publicspeak/cdp-datasets/cdp-richmond-a3d06941/event-5c93bb0cf5d7/session-4740e71a6966/transcript.csv
richmond,c7e0efd1d3d0,2021-02-25 21:30:00+00:00,Public Art Commission,other,https://councildataproject.org/richmond/#/events/31c9ef510f47?s=0,,https://storage.googleapis.com/download/storage/v1/b/cdp-richmond-a3d06941.appspot.com/o/518669c55a4563a0ba224765ee128d1b849c58af900008ab24fb57c9518ecdaf-video.mp4?alt=media,/Users/evamaxfield/active/research/publicspeak/cdp-datasets/cdp-richmond-a3d06941/event-31c9ef510f47/session-c7e0efd1d3d0/transcript.csv
richmond,1a5f1f855dd1,2021-10-25 22:00:00+00:00,City Council,full council,https://councildataproject.org/richmond/#/events/c9dc85c0ba0b?s=0,https://legistar2.granicus.com/richmondva/meetings/2021/10/3987_M_City_Council_21-10-25_Summary.pdf,https://storage.googleapis.com/download/storage/v1/b/cdp-richmond-a3d06941.appspot.com/o/a24a09b07f0ca3d5604d130a37069ab80c6380276aa5ada74aa460195b2213cd-video.mp4?alt=media,/Users/evamaxfield/active/research/publicspeak/cdp-datasets/cdp-richmond-a3d06941/event-c9dc85c0ba0b/session-1a5f1f855dd1/transcript.csv
richmond,0ae41e6c7571,2023-04-03 21:30:00+00:00,City Council,full council,https://councildataproject.org/richmond/#/events/56d88c48a7f6?s=0,,https://storage.googleapis.com/download/storage/v1/b/cdp-richmond-a3d06941.appspot.com/o/6182aa07eb7579ab3312ca8b34c76103a532fc94aa08bb721eec7fa5ff1b42a8-video.mp4?alt=media,/Users/evamaxfield/active/research/publicspeak/cdp-datasets/cdp-richmond-a3d06941/event-56d88c48a7f6/session-0ae41e6c7571/transcript.csv
richmond,45eee185afc1,2020-01-27 20:00:00+00:00,Informal Meeting,other,https://councildataproject.org/richmond/#/events/d4a82c5703e9?s=0,,https://storage.googleapis.com/download/storage/v1/b/cdp-richmond-a3d06941.appspot.com/o/c132de434344fd84febc04b2c81e711133cec69911590f78166ab00d420aad92-video.mp4?alt=media,/Users/evamaxfield/active/research/publicspeak/cdp-datasets/cdp-richmond-a3d06941/event-d4a82c5703e9/session-45eee185afc1/transcript.csv
richmond,f6b71412b5a0,2023-04-03 17:30:00+00:00,Planning Commission,other,https://councildataproject.org/richmond/#/events/598927b7154f?s=0,https://legistar2.granicus.com/richmondva/meetings/2023/4/4399_M_Planning_Commission_23-04-03_Summary.pdf,https://storage.googleapis.com/download/storage/v1/b/cdp-richmond-a3d06941.appspot.com/o/264ebc488858e581ee52e5f3b195a57d47e49cde9933cdafd1ae8b37830f600b-video.mp4?alt=media,/Users/evamaxfield/active/research/publicspeak/cdp-datasets/cdp-richmond-a3d06941/event-598927b7154f/session-f6b71412b5a0/transcript.csv
richmond,d93e80ebd776,2020-11-09 21:00:00+00:00,Informal Meeting,other,https://councildataproject.org/richmond/#/events/10e50b5bcd91?s=0,,https://storage.googleapis.com/download/storage/v1/b/cdp-richmond-a3d06941.appspot.com/o/e2578db86e9fad6d8c61f10309257477a5299d8769a96f192ac7acb2eea7d63a-video.mp4?alt=media,/Users/evamaxfield/active/research/publicspeak/cdp-datasets/cdp-richmond-a3d06941/event-10e50b5bcd91/session-d93e80ebd776/transcript.csv
richmond,524d8522c99f,2023-03-28 19:30:00+00:00,Commission of Architectural Review,other,https://councildataproject.org/richmond/#/events/34b6ed22ff05?s=0,,https://storage.googleapis.com/download/storage/v1/b/cdp-richmond-a3d06941.appspot.com/o/18bd797d1b6da5f992eb0d9a747e59145385dc35bbf23ae04c3d91d91456a051-video.mp4?alt=media,/Users/evamaxfield/active/research/publicspeak/cdp-datasets/cdp-richmond-a3d06941/event-34b6ed22ff05/session-524d8522c99f/transcript.csv
richmond,405f7cfbe7e6,2021-09-07 18:30:00+00:00,City Council,full council,https://councildataproject.org/richmond/#/events/0acb9e1d8ca4?s=0,,https://storage.googleapis.com/download/storage/v1/b/cdp-richmond-a3d06941.appspot.com/o/5046b02ded39f7acf8d82491d2cfffa13fee42534c6634351e9b2614693be1ea-video.mp4?alt=media,/Users/evamaxfield/active/research/publicspeak/cdp-datasets/cdp-richmond-a3d06941/event-0acb9e1d8ca4/session-405f7cfbe7e6/transcript.csv
richmond,150f623f6c89,2020-06-29 17:00:00+00:00,"Land Use, Housing and Transportation Standing Committee",housing committee,https://councildataproject.org/richmond/#/events/e630ae977864?s=0,,https://storage.googleapis.com/download/storage/v1/b/cdp-richmond-a3d06941.appspot.com/o/554530416890f9be37523cfabe693593abb761547d16c37ae8a0b96164540dae-video.mp4?alt=media,/Users/evamaxfield/active/research/publicspeak/cdp-datasets/cdp-richmond-a3d06941/event-e630ae977864/session-150f623f6c89/transcript.csv
richmond,51ec07d507c5,2022-11-17 18:00:00+00:00,Finance and Economic Development Standing Committee,other,https://councildataproject.org/richmond/#/events/a9ad859cf2dd?s=0,,https://archive-video.granicus.com/richmondva/richmondva_14e26202-66b3-11ed-95a3-0050569183fa.mp4,/Users/evamaxfield/active/research/publicspeak/cdp-datasets/cdp-richmond-a3d06941/event-a9ad859cf2dd/session-51ec07d507c5/transcript.csv
richmond,99c1e1a4985e,2022-05-02 21:00:00+00:00,Organizational Development Standing Committee,other,https://councildataproject.org/richmond/#/events/6637b998c203?s=0,https://legistar2.granicus.com/richmondva/meetings/2022/5/4128_M_Organizational_Development_Standing_Committee__22-05-02_Summary.pdf,https://storage.googleapis.com/download/storage/v1/b/cdp-richmond-a3d06941.appspot.com/o/a6fb53240d6114706118f517b18024824386334072577c7bcdc6791c27ef6205-video.mp4?alt=media,/Users/evamaxfield/active/research/publicspeak/cdp-datasets/cdp-richmond-a3d06941/event-6637b998c203/session-99c1e1a4985e/transcript.csv
richmond,5a19cf40c561,2020-12-10 15:00:00+00:00,Urban Design Committee,other,https://councildataproject.org/richmond/#/events/8c2eece0fe1a?s=0,https://legistar2.granicus.com/richmondva/meetings/2020/12/3630_M_Urban_Design_Committee_20-12-10_Meeting_Minutes.pdf,https://storage.googleapis.com/download/storage/v1/b/cdp-richmond-a3d06941.appspot.com/o/017691477ae90f2ecec5e51917865584d7c9809dddcaa3ef5003648b3c0767e5-video.mp4?alt=media,/Users/evamaxfield/active/research/publicspeak/cdp-datasets/cdp-richmond-a3d06941/event-8c2eece0fe1a/session-5a19cf40c561/transcript.csv
richmond,80f37be5c828,2022-01-24 23:00:00+00:00,City Council,full council,https://councildataproject.org/richmond/#/events/6d6bde0ab1a7?s=0,https://legistar2.granicus.com/richmondva/meetings/2022/1/3993_M_City_Council_22-01-24_Summary.pdf,https://storage.googleapis.com/download/storage/v1/b/cdp-richmond-a3d06941.appspot.com/o/27fea368d3a4fdea8610130b89ea1f915de83c069c9362b774ba931a0887d454-video.mp4?alt=media,/Users/evamaxfield/active/research/publicspeak/cdp-datasets/cdp-richmond-a3d06941/event-6d6bde0ab1a7/session-80f37be5c828/transcript.csv
richmond,407e195ad566,2021-01-25 23:00:00+00:00,City Council,full council,https://councildataproject.org/richmond/#/events/86ed764a5f06?s=0,https://legistar2.granicus.com/richmondva/meetings/2021/1/3700_M_City_Council_21-01-25_Summary.pdf,https://storage.googleapis.com/download/storage/v1/b/cdp-richmond-a3d06941.appspot.com/o/d3fc0e65a43e45cc50cf8caefbff195d815ff183362821fac264dfdc5490ab2a-video.mp4?alt=media,/Users/evamaxfield/active/research/publicspeak/cdp-datasets/cdp-richmond-a3d06941/event-86ed764a5f06/session-407e195ad566/transcript.csv
richmond,ba053976adb3,2021-09-27 22:00:00+00:00,City Council,full council,https://councildataproject.org/richmond/#/events/722203483e0b?s=0,https://legistar2.granicus.com/richmondva/meetings/2021/9/3751_M_City_Council_21-09-27_Summary.pdf,https://storage.googleapis.com/download/storage/v1/b/cdp-richmond-a3d06941.appspot.com/o/ae216691a7825fdc0beb32d981540da9d90b88b68fcec72e56a74bbad98a7f46-video.mp4?alt=media,/Users/evamaxfield/active/research/publicspeak/cdp-datasets/cdp-richmond-a3d06941/event-722203483e0b/session-ba053976adb3/transcript.csv
richmond,dc3660bea3d8,2023-04-13 18:00:00+00:00,Education and Human Services Standing Committee,other,https://councildataproject.org/richmond/#/events/04a65d2cc90d?s=0,,https://storage.googleapis.com/download/storage/v1/b/cdp-richmond-a3d06941.appspot.com/o/117766736fd34b083e40b9a4cfac37d07dc91ec946cb67410bb3869b80e5327d-video.mp4?alt=media,/Users/evamaxfield/active/research/publicspeak/cdp-datasets/cdp-richmond-a3d06941/event-04a65d2cc90d/session-dc3660bea3d8/transcript.csv
richmond,e16a0c0daa86,2023-04-03 17:00:00+00:00,City Council,full council,https://councildataproject.org/richmond/#/events/67adcd211570?s=0,https://legistar2.granicus.com/richmondva/meetings/2023/4/4444_M_City_Council_23-04-03_Meeting_Minutes.pdf,https://storage.googleapis.com/download/storage/v1/b/cdp-richmond-a3d06941.appspot.com/o/2d74127705c48b1b99f58e76931c527d01be56eb819b99eaefda039f7d38d8de-video.mp4?alt=media,/Users/evamaxfield/active/research/publicspeak/cdp-datasets/cdp-richmond-a3d06941/event-67adcd211570/session-e16a0c0daa86/transcript.csv
richmond,feb44a9b86b3,2021-03-15 17:30:00+00:00,Planning Commission,other,https://councildataproject.org/richmond/#/events/2b90b77f01b9?s=0,https://legistar2.granicus.com/richmondva/meetings/2021/3/3859_M_Planning_Commission_21-03-15_Meeting_Minutes.pdf,https://storage.googleapis.com/download/storage/v1/b/cdp-richmond-a3d06941.appspot.com/o/d27da08d2e839c2c7a3cb8bb7fa5af51119d8e5bd35290c7496bd1ed62e6077c-video.mp4?alt=media,/Users/evamaxfield/active/research/publicspeak/cdp-datasets/cdp-richmond-a3d06941/event-2b90b77f01b9/session-feb44a9b86b3/transcript.csv
richmond,916becca876a,2023-03-06 20:00:00+00:00,City Council,full council,https://councildataproject.org/richmond/#/events/a1aa70cee6f8?s=0,https://legistar2.granicus.com/richmondva/meetings/2023/3/4441_M_City_Council_23-03-06_Summary.pdf,https://storage.googleapis.com/download/storage/v1/b/cdp-richmond-a3d06941.appspot.com/o/3dff579b3e596718799f323fe24f100c67217f8a29dc2dfcdc640192356ced5c-video.mp4?alt=media,/Users/evamaxfield/active/research/publicspeak/cdp-datasets/cdp-richmond-a3d06941/event-a1aa70cee6f8/session-916becca876a/transcript.csv
richmond,40cb7dfc8c77,2021-10-07 14:00:00+00:00,Urban Design Committee,other,https://councildataproject.org/richmond/#/events/54fb982d308d?s=0,https://legistar2.granicus.com/richmondva/meetings/2021/10/3919_M_Urban_Design_Committee_21-10-07_Meeting_Minutes.pdf,https://storage.googleapis.com/download/storage/v1/b/cdp-richmond-a3d06941.appspot.com/o/0bb3c0815870260504936c1d49c3dce9caf79625e40dc8c79bb902eb22cca2c2-video.mp4?alt=media,/Users/evamaxfield/active/research/publicspeak/cdp-datasets/cdp-richmond-a3d06941/event-54fb982d308d/session-40cb7dfc8c77/transcript.csv
richmond,9bfaf9e030b8,2020-06-18 17:00:00+00:00,Finance and Economic Development Standing Committee,other,https://councildataproject.org/richmond/#/events/1c0959b635bd?s=0,https://legistar2.granicus.com/richmondva/meetings/2020/6/3533_M_Finance_and_Economic_Development_Standing_Committee_20-06-18_Summary.pdf,https://storage.googleapis.com/download/storage/v1/b/cdp-richmond-a3d06941.appspot.com/o/ea637ec8eef0b058c0dd0d393c44666dcd6ff7d79e9a56f8cf5d81d8849773d6-video.mp4?alt=media,/Users/evamaxfield/active/research/publicspeak/cdp-datasets/cdp-richmond-a3d06941/event-1c0959b635bd/session-9bfaf9e030b8/transcript.csv
richmond,ed0fd60a3edc,2020-11-02 18:30:00+00:00,Planning Commission,other,https://councildataproject.org/richmond/#/events/7c28dcc2c60e?s=0,https://legistar2.granicus.com/richmondva/meetings/2020/11/3591_M_Planning_Commission_20-11-02_Meeting_Minutes.pdf,https://storage.googleapis.com/download/storage/v1/b/cdp-richmond-a3d06941.appspot.com/o/d0dd2be8f057a28e65a7132093c83ce0d1e750c82cf599e016ba2407f11b9f0f-video.mp4?alt=media,/Users/evamaxfield/active/research/publicspeak/cdp-datasets/cdp-richmond-a3d06941/event-7c28dcc2c60e/session-ed0fd60a3edc/transcript.csv
richmond,94da35c79e20,2021-06-10 18:00:00+00:00,Education and Human Services Standing Committee,other,https://councildataproject.org/richmond/#/events/922028373f41?s=0,https://legistar2.granicus.com/richmondva/meetings/2021/6/3784_M_Education_and_Human_Services_Standing_Committee_21-06-10_Summary.pdf,https://storage.googleapis.com/download/storage/v1/b/cdp-richmond-a3d06941.appspot.com/o/dd1f0c2318ee13965f0c5f374397f6d03607e621397e6c2e0c46e14fd55b4c15-video.mp4?alt=media,/Users/evamaxfield/active/research/publicspeak/cdp-datasets/cdp-richmond-a3d06941/event-922028373f41/session-94da35c79e20/transcript.csv
richmond,636aa7c3486b,2022-11-07 22:00:00+00:00,City Council,full council,https://councildataproject.org/richmond/#/events/d6445a8a5fce?s=0,https://legistar2.granicus.com/richmondva/meetings/2022/11/4275_M_City_Council_22-11-07_Summary.pdf,https://storage.googleapis.com/download/storage/v1/b/cdp-richmond-a3d06941.appspot.com/o/d66c35e92f7efdfb83d071a62eeba033c2f3c63b271cfa49c70f49fb52d12d9a-video.mp4?alt=media,/Users/evamaxfield/active/research/publicspeak/cdp-datasets/cdp-richmond-a3d06941/event-d6445a8a5fce/session-636aa7c3486b/transcript.csv
richmond,0ac6b8a6e5db,2023-03-13 22:00:00+00:00,City Council,full council,https://councildataproject.org/richmond/#/events/175497f1ca0f?s=0,,https://storage.googleapis.com/download/storage/v1/b/cdp-richmond-a3d06941.appspot.com/o/31f732575b0f344756cee27061807b3232b0e9d03f7b37970ed9fc9834aac932-video.mp4?alt=media,/Users/evamaxfield/active/research/publicspeak/cdp-datasets/cdp-richmond-a3d06941/event-175497f1ca0f/session-0ac6b8a6e5db/transcript.csv
richmond,3b5502055532,2022-09-26 20:00:00+00:00,Informal Meeting,other,https://councildataproject.org/richmond/#/events/3ee9b54eb650?s=0,,https://storage.googleapis.com/download/storage/v1/b/cdp-richmond-a3d06941.appspot.com/o/ebcc9656d597477576904ba4f619a2731266c6fc3b1e8e94d237a5bd310e90d0-video.mp4?alt=media,/Users/evamaxfield/active/research/publicspeak/cdp-datasets/cdp-richmond-a3d06941/event-3ee9b54eb650/session-3b5502055532/transcript.csv
richmond,273f5654256d,2021-02-08 19:00:00+00:00,City Council,full council,https://councildataproject.org/richmond/#/events/6955525174dc?s=0,,https://storage.googleapis.com/download/storage/v1/b/cdp-richmond-a3d06941.appspot.com/o/fa3c45999fae66f8d2892472d42a4073ea10ce2c894a3fa412654f26018121da-video.mp4?alt=media,/Users/evamaxfield/active/research/publicspeak/cdp-datasets/cdp-richmond-a3d06941/event-6955525174dc/session-273f5654256d/transcript.csv
richmond,06b67033b325,2021-04-15 17:00:00+00:00,Finance and Economic Development Standing Committee,other,https://councildataproject.org/richmond/#/events/afc4a610f00f?s=0,https://legistar2.granicus.com/richmondva/meetings/2021/4/3781_M_Finance_and_Economic_Development_Standing_Committee_21-04-15_Summary.pdf,https://storage.googleapis.com/download/storage/v1/b/cdp-richmond-a3d06941.appspot.com/o/ea1b76aea616286ed4c62533cc63c3389994308cd010f37cacbcf951fa406b23-video.mp4?alt=media,/Users/evamaxfield/active/research/publicspeak/cdp-datasets/cdp-richmond-a3d06941/event-afc4a610f00f/session-06b67033b325/transcript.csv
richmond,70c4ade2c7d5,2020-07-20 17:30:00+00:00,Planning Commission,other,https://councildataproject.org/richmond/#/events/be15e311f42d?s=0,https://legistar2.granicus.com/richmondva/meetings/2020/7/3584_M_Planning_Commission_20-07-20_Meeting_Minutes.pdf,https://storage.googleapis.com/download/storage/v1/b/cdp-richmond-a3d06941.appspot.com/o/f3566b05fff041dde86e8e65895bfe53439bd14bdb102e40979611de7a5da789-video.mp4?alt=media,/Users/evamaxfield/active/research/publicspeak/cdp-datasets/cdp-richmond-a3d06941/event-be15e311f42d/session-70c4ade2c7d5/transcript.csv
